"sharry mann,sharry mann new song,sharry mann cute munda,sharry mann latest song,sharry mann punjabi song 2017,parmish verma,parmish verma new song,parmish verma sharry mann,parmish verma sharry mann new song,parmish verma cute munda,new punjabi song 2017,punjabi song 2017,parmish verma new song 2017,parmish verma latest song 2017,punjabi songs 2017"
"à¤ªà¥€à¤°à¤¿à¤¯à¤¡à¥à¤¸ à¤•à¥‡ à¤¸à¤®à¤¯,à¤ªà¥‡à¤Ÿ à¤ªà¤° à¤ªà¤¤à¤¿ à¤•à¤°à¤¤à¤¾ à¤à¤¸à¤¾,à¤¦à¥‡à¤–à¤•à¤° à¤¦à¤‚à¤— à¤°à¤¹ à¤œà¤¾à¤¯à¥‡à¤‚à¤—à¥‡,latest news,today news,news,breaking news,current news,world news,hj news updates,bollywood updates,news channel in hindi,entertainment news,merrage,love,break up,perideus time,pragenent girl,baby born"
"Stylish Star Allu Arjun @ ChaySam Wedding Reception,Stylish Star Allu Arjun,ChaySam Wedding Reception,nagachaitanya,samantha,chaysam,chay sam,naga chaitanya and samantha wedding reception,wedding reception,nagarjuna,akkineni wedding reception,tfpc,telugu cinema,celebrities @ chaysam wedding reception"
"Eruma Saani,Tamil Comedy Videos,Films,Movies,Harija,Short,Film,Eruma Sani,Eruma Saani Videos,Eruma Saani Short Film,Eruma Saani Comedy,Eruma Saani Harija,Eruma Saani Tamil vs English,Tamil vs English,Tamil,English,Hindi,TTV Dinakaran,Sasikala,Sasikala income tax raid"
"Filmylooks,latest news,telugu movies,telugu news,Tollywood news,why Samantha became EMOTIONAL @ Samantha naga chaithanya marriage Reception,why Samantha became EMOTIONAL,samantha emotional moment,ChaySam Wedding Reception video,Naga Chaitanya and Samantha Wedding Reception LIVE,samantha ruth prabhu"
"Nenu Local,Nenu Local Telugu Movie,Nani,Sai Pallavi,Dil Raju,Devi Sri Prasad,Telugu Latest Movies,Telugu Full Movies,Telugu Comedy Movies,Nani Trailer,Nani Movies,MCA MOVIE,Middle Class Abbayi,MCA,MCA - Middle class abbayi,Fidaa,Nani MCA,MCA Trailer,MCA Teaser,MCA First Look,Nani MCA Teaser,Nani MCA Trailer"
"punjabi songs,punjabi bhangra,punjabi music,punjabi bhangra music,punjabi latest songs,punjabi romantic songs,punjabi sad songs,punjabi,bhangra,latest punjabi songs 2017,punjab,desi,speed records,mankirt new song,daang,sukh sanghera,deep kahlon,mankirt aulakh"
"Ek Dil Ek Jaan Video Song,Ek Dil Ek Jaan,Ek Dil Ek Jaan Video,Padmavati,Padmavati songs,Padmavati movie song,deepika padukone,ranveer singh,ghoomar,padmavati song,Deepika Padukone,Shahid Kapoor,Sanjay Leela Bhansali,Padmavati Deepika Padukone,Ghoomar,Ghoomar Deepika Padukone,Padmavati Songs,new hindi songs,hindi songs,shahid kapoor,sanjay leela bhansali,indian songs,padmavati songs,love song,love song 2017,do dil ek jaan"
"Chiranjeevi in Naga Chaitanya - Samantha Reception , Chaitanya,Samantha Akkineni,Nag,Venkatesh,Megastar Chiranjeevi,Megastar Chiranjeevi @ #ChaySam Wedding Reception,Chiranjeevi @ #ChaySam Wedding Reception,Naga Chaitanya - Samantha Akkineni Reception LIVE,Naga Chaitanya,Samantha,Naga Chaitanya Samantha,Nagarjuna,#ChaiSam,Reception LIVE,Akkineni Reception,chiranjeevi rama charan,naga chaitanya samantha wedding reception,Akkineni family,Daggubati family,reception"
"Jump cuts,Jumpcuts,Tamil comedy,Tamil Comedy Videos,new bike vs old bike,jumpcuts reality,the reality,bike scenario jumpcuts,jumpcuts bike story,hari baskar videos,hari baskar jumpcuts,hari baskar bike video,tamil viral videos,viral videos,trending videos,jumpcuts trending videos,swathi videos,kaghs,jumpcuts old vs new,jumpcuts tamil comedy,jumpcuts youtube channel,hot story jumpcuts,hot scenario"
"Hina khan,Hina khan bigg boss,Bigg boss 11,Big boss,Bigg boss,Bigg boss 11 eviction,Bb 11,Bigg boss season 11,Bigg boss 11 full episode,Tellymasala,Telly masala,Telly masala latest interview,Telly masala bigg boss,Mehjabi,siddiqui,mahjabi siddiqui interview,mehjabi reveals,hina khan bigg boss 11,bigg boss 11,telly masala,tellymasala bigg boss,telly masala latest interview,bigg boss full episode"
"Aatish new punjabi song 2017,latest punjabi songs 2017 Aatish,new punjabi songs 2017 Jannat,latest punjabi song 2017 Jannat,new songs 2017 Aatish,latest song 2017 Aatish,Aatish,punjabi songs 2017 Aatish,punjabi music videos Aatish,Jannat punjabi song 2017,new punjabi songs,latest punjabi songs,new songs,latest songs,songs 2017,punjabi,Aatish songs,Jannat by Aatish,punjabi song,whte hill,aatish taare,romantic songs punjabi"
"Resnu desai,actress renu desai,pawan kalyan wife renu desai,pawan kalyan ex-wife renu desai,ABN renu desai interview,renu desai open heart with RK,renu desai rates pawan kalyan,renu desai rates 10 for pawan,renu desai rates pawan kalyan as husband,renu desai interview,RK interview with renu desai,renu desai interview with RK,ABN,ABN Telugu,ABN News,ABN andhrajyothy,ABN andhrajyothi,renu desai open heart,renu commentson pawa kalayna,renu desai interivew"
"the voice of india,TVOI,the voice of india kids,audition,singers,singing talent,kids voice,kids singing,kids talent,Talpa media,AndTV,&TV"
"rowi na,nadha virender,prabh grewal,latest punjabi songs 2017,new punjabi songs 2017,best punjabi songs 2017,brand new punjabi songs,punjabi songs,punjabi,songs,new,latest,rowi,na,nadha,birender,parmish verma,parmish,punjabi sad songs,punjabi love songs,punjabi romantic songs,new punjabi sad song,sad song,best sad songs,best song of the week"
"nextgen,sasikala,sasikala natarajan,aiadmk,tamil nadu,jayalalithaa,jayalalitha,tamil news,apollo hospital,sasikala pushpa,it raid,sasikala family,income tax raid,latest tamil news,latest news,politics,tamil news today,ops,tamilnadu,admk,youtube,news in tamil,tamil nadu cm,tamil,vivek,vivek jayaram,jayalalitha uyil,apollo cd it raid"
"TYPES OF STUDENTS ELVISH YADAV,elvish yadav,elvish yadav new video,elvish yadav latest video,elvish yadav vines,elvish yadav videos,students video,types of students in a class,omprakash new song,sot lagani hai,elvis yadav vines"
"Tiger Zinda Hai Trailer,Tiger Zinda Hai Official Trailer,Tiger Zinda Hai Teaser,Tiger Trailer,Trailer of Tiger Zinda Hai,Salman Khan Song,Salman Khan Movie Trailer,Bollywood Trailer,Hindi Trailer,Salman Khan Tiger Zinda Hai Trailer,Trailer 2017,Most Viewed Trailer,Official Trailer 2017,Salman Katrina Movie,Salman Khan Trailer 2017,2017 Bollywood Trailer,Official Trailer Tiger Zinda Hai,Latest Movie Trailer,Salman Khan,Katrina Kaif,Vishal and Shekhar,YRF"
"Prank Call,Funny Reactions,Pranks In India 2017,comedy video,meri setting karade live,Bhai meri bhi setting karwa funny video,tst rahul,tst rahul prince,Pranks in India,Prank on Girls,girls in love,love,friendship,dost,relationship,tst latest video,pranks,pramk on girls,funny,TroubleSeekerTeam,prank on girls,best prank on girls,best girl pranks,girl pranks,tst girls prank,indian prank,language in india,indian pranks,best indian prank,comedy"
"last week tonight trump presidency,last week tonight donald trump,john oliver trump,donald trump"
"asli fighter,asli fighter (okka ammayi thappa) 2017 hindi dubbed,okka ammayi thappa full movie hindi dubbed,sundeep kishan movies in hindi dubbed,ravi kishan south movie in hindi,nithya menon movies hindi dubbed,nithya menen,ravi kishan,rahul dev,south indian movies dubbed in hindi full movie 2017 new,latest hindi dubbed movies 2017,new release south indian movies dubbed in hindi 2017,latest 2017 south indian movies dubbed in hindi"
"etv shows,eenadu television,padutha theeyaga,super2,dhee Jodi,jabardasth,extra jabardsth,etv20,etv comedy show,extra jabardasth,naga babu,roja,anchor anasuya,rashmi,dhanraj,chandra,venu,chanti,dhana dhan dhanraj,comedy short films,chamak chandra,chalaki chanti,raghava,rocket raghava,roller raghu,venu wonders,comedy skits in telugu,telugu comedy tracks,kiraak rp"
"deivamagal,deiva magal,deiva magal serial,VikatanTV,deivamagal episode today,deivamagal today,deivamagal today episode,deivamagal episode 1387,deivamagal 13 November 2017,deiva magal serial 13.11.17,deiva magal episode 1387,à®¤à¯†à®¯à¯à®µà®®à®•à®³à¯,devamagal,deivamagal episode,deviamagal,deivamahal,devaimagal,divamagal"
"Rana hungama at #ChaySam Wedding Reception , TV9"
"Hero Tarun At Samantha Naga Chaitanya Wedding Reception,#ChaySam Reception,News Mantra,Hero Tarun@ #ChaySam Wedding Reception,Hero Tarun,Naga Chaitanya - Samantha Akkineni Reception LIVE,Naga Chaitanya,Samantha,Naga Chaitanya Samantha,Nagarjuna,#ChaiSam,Reception LIVE,Akkineni Reception LIVE,Naga Chaitanya and Samantha marriage,chaysam reception live,Naga Chaitanya Samantha Wedding reception LIVE"
[none]
"moto x4 unboxing,moto x4,moto x4 india,moto x4 hands on,noto x4 camera,moto x4 review,geekyranjit"
"Hindi Khabar,UttarPradesh,Uttrakhand,BundelKhand,AtulAgrawal,DigitalMedia,UP,Yogi Adityanath,Yogi Sarkar,à¤…à¤–à¤¿à¤²à¥‡à¤¶ à¤¯à¤¾à¤¦à¤µ,à¤®à¤¾à¤¯à¤¾à¤µà¤¤à¥€,à¤¯à¥‹à¤—à¥€ à¤†à¤¦à¤¿à¤¤à¥à¤¯à¤¨à¤¾à¤¥,à¤¬à¥€à¤œà¥‡à¤ªà¥€,à¤¸à¤ªà¤¾,à¤¬à¤¸à¤ªà¤¾,à¤•à¤¾à¤‚à¤—à¥à¤°à¥‡à¤¸,à¤•à¥‡à¤¶à¤µ à¤ªà¥à¤°à¤¸à¤¾à¤¦ à¤®à¥Œà¤°à¥à¤¯,à¤¡à¥‰. à¤¦à¤¿à¤¨à¥‡à¤¶ à¤¶à¤°à¥à¤®à¤¾,à¤²à¤–à¤¨à¤Š,à¤—à¥‹à¤°à¤–à¤ªà¥à¤°,à¤µà¤¾à¤°à¤¾à¤£à¤¸à¥€,à¤¹à¤¿à¤¨à¥à¤¦à¥€ à¤–à¤¼à¤¬à¤°,à¤¨à¤°à¥‡à¤¨à¥à¤¦à¥à¤° à¤®à¥‹à¤¦à¥€,SP,BJP,Congress,Dinesh Sharma,Keshaw Prasad Maurya"
"dreams n beyond,dreamsnbeyond,ranjith shankar,Punyalan Private Limited,Punyalan Private Limited Official Teaser 2,punyalan private limited trailer,jayasurya,aju varghese,punyalan 2 trailer,punyalan kalippu teaser,punyalan 2 teaser,punyalan 2 teaser trailer,punyalan private limited,punyalan 2 official trailer,punyalan private limited movie,punyalan private limited theatrical trailer,punyalan private limited official trailer,punyalan 2,punyalan agarbatis,dq,new"
"Nagarjuna Funny Comments on Samantha Dress,Naga Chaitany Samantha Akkineni Wedding Reception 2017,nagarjuna shocking comments on samantha dress,nagarjuna funny comments,samantha dress,samantha wedding reception,samantha,dress,nagarjuna,funny,naga chaitany,naga chaitany samantha,samantha wedding,#chaisam,akkineni reception live,grand reception for #chaysam,samantha akkineni,naga chaitanya,akkineni naga chaitanya,samantha marriage video"
"sdi,islam,preacher,sunni,sunni ijtema,ijtema 2017,Final Day,27 Annaul Ijtema"
"Neeya Naana,NN,Gopinath,Men Vs Women Series,Talk Show,Chat Show,Public Debate,Gopi,Gobi,Vijay,Star,Vijay TV,Star Vijay,Star Vijay TV,à®µà®¿à®œà®¯à¯,à®Ÿà®¿à®µà®¿,à®¤à¯Šà®²à¯ˆà®•à¯à®•à®¾à®Ÿà¯à®šà®¿,à®¨à¯€à®¯à®¾ à®¨à®¾à®©à®¾,à®•à¯‹à®ªà®¿à®¨à®¾à®¤à¯,Tamil TV,Tamil Shows,gopi"
"divya priyank,divya priyank break up,divya announces official break up with priyank,divya breaks up with priyank,divya agarwal priyank sharma break up,divya priyank splitsvilla,priyank bigg boss fights,priyank bigg boss 11,divya priyank interview,divya priyank rapid fire,divya breaks down splitsvilla,bigg boss 11 full episodes,splitsvilla 10 full episode,divya priyank love story,bigg boss 11 controversies"
"newsqube,latest Movies,telugu movie Trailers,newsqube latest news,newsqube channel,Natural Star Nani REAL Behiour Shocks You ,"
"sathiyam news today,sathiyam news live today,sathiyam tv news live,sathiyam tv news yesterday,tamil news today,tamilnadu news today live,sun news today,breaking,news,it raid,income tax,raid,sasikala,admk"
"Brahmanandam @#ChaySam Wedding Reception ,Brahmanandam @#ChaySam,Naga Chaitanya - Samantha Akkineni Reception LIVE,Naga Chaitanya,Samantha,Naga Chaitanya Samantha,Nagarjuna,#ChaiSam,Reception LIVE,Akkineni Reception LIVE,reception live ntv,ntv"
"Miracles Caught on Camera,Miracles Caught on Tape,Miracle Caught on Camera,Miracle Caught on Tape,Caught On Camera,Caught on Tape,Miracles,Miracle,Tape,Real,Life,Real Life,Viral,Camera,Caught,Miracles Caught,Life Miracle,Life Miracles,Miracles In Life,miracles caught on video,miracles caught on cctv,miracles caught on film,miracles caught on cam,Caught On Video"
"Bahubali 2,Baahubali 2 The Conclusion,Plenty Wrong With,Plenty Wrong With Bahubali 2,Bahubali 2 Mistakes,Mistakes In Bahubali,Prabhas,Anushka Shetty,Bahubali 2 Movie Mistakes,Bollywood Sins,Bahubali 2 Full Movie,PWW,Mistakes,Bollywood,Bollywood Mistakes,Baahubali Full Movie,Movie Mistakes,Plenty Wrong With Baahubali,Bollywood Sins Bahubali 2,Mistakes Bollywood,#popularonyoutubeindia,Popular Right Now India"
"Latest Punjabi Songs 2017,New Punjabi Songs 2017,Punjabi Songs 2017,Punjabi Songs,romy tahlie,romy,tahlie,rajj ke rona main,rajj ke,rona,main,rajj,ke,punjabi sad songs,best punjabi sad songs,latest punjabi songs,new punjabi songs 2017,parmish verma,guri,singh jeet,g guri"
"chunks honeyrose song,chunkzz video song,Ithu Nava Sumashara,Ithu Nava Sumashara video song,honey rose glamour song,chunkzz malayalam movie,Ithu Nava Sumashara honey rose,honey rose,omar lulu,gopi sundar,honey rose in chunkzz,chunks video song,chunkss video song,Ithu Nava Sumashara hone rose song,honey rose latest,gopi sundar latest,honey rose latest song,chukzz full songs,gopi sundar bgm,gopi sundar chunkzz,chunkzz movie,chunks,dq,chunkzz full songs"
"Date,Girls,Hot Girls,Sanskaari Girls,Boyfriend,Girlfriend,Horny,Horny Girl,Pizza,Food,Foodie,Pasta,How To Date,Emo Girl,Ex Boyfriend,Ex Girlfriend,Shaadi,Marriage,Tips For First Date,First Date,Awkward,Awkward Dates,What To Wear On A Date,Love,Romance,Date Tips,How To Ask A Girl Out,Flirt,Flirting,Komal Pandey,Funny Video,Comedy,LOL,Naughty Girl,Hot Guy"
"etv Plus,etv comedy show,3 Idiots,anchor ravi,Chinnadana Neekosam,express raja,hungama,Kick,Nandini Vs Nandini,Pataas,jabardasth,extra jabardasth,naga babu,roja,anchor anasuya,pove pora,comedy short films,yadamma raju,chalaki chanti,sudigali sudeer,anchor suma,comedy show,anchor sreemukhi,comedy skits in telugu,telugu comedy tracks,racha ravi,allare allari,sardaga kasepu,ejunction,anchor pradeep,pataas punches,anchor vishnupriya,getup srinu"
"saas bahu beti,saas bahu aur beti,saas bahu aur betiyaan,entertainment show,TV celebs,tv shows,hindi shows,entertainment videos,celeb interviews,tv actors,tv actress,popular tv actors"
"I news,i news telugu channel,i news youtube,i news channel,i news online,i news telugu online,online telugu news,telangana news,ap news,breaking news,latest telugu news,ICM KCR Slams Amit Shah,Amit Shah AP Tour,TDP Mahanadu,Sonia Gandhi,Presidential Elections,Harish Rao Slams Amit Shah,Amit Shah Praises PM Modi"
"à´¸àµ—à´¬à´¿à´¨àµ† à´µàµ†à´±àµà´‚ 30 à´¸àµ†à´•àµà´•àµ»à´¡àµ à´¸à´®à´¯à´‚ à´•àµŠà´£àµà´Ÿàµ à´µà´³à´šàµà´šàµ†à´Ÿàµà´¤àµà´¤ à´ªàµ‡àµ¼à´³à´¿ !!,Asianet comedy awards 2017,comedy awards 2017,jagadeesh,rimi tomy,pisharadi,dharmajan,comedy show,comedy stars,best comedy,best of comedy,malayalam cinema,best comedy 2017,film awards,asianet comedy awards,comedy awards,jayaram,ACA,parava,parava movie,soubin shahir,parava director,soubin,soubin shahir parava,parava scenes,parava full movie,soubin shahir movie,pearle maaney"
"the viral fever,tvf,humour,qtiyapa,permanent,roommates,barely,speaking,drama,originals,comedy,sketch,web series,tv show,netflix,amazon prime"
"Does GOD EXIST OR NOT? PART 2,Unknown Facts About GOD Revealed in Telugu,Vikram Aditya,EP#92,Does God Exist or Not,Unknown Facts about God,Shocking Facts About God,Unknown Facts About God in Telugu,Shocking Facts About God in Telugu,Latest News,Latest Updates,Vikram Aditya New videos,Vikram Aditya Videos,Vikram Aditya Latest Videos"
"Genes,Genes Show,Genes Videos,Genes Telugu Show,Genes Entertainment Show,Genes Latest Video,Genes New Video,Genes Latest Videos,Genes Telugu Videos,Suma Entertainement Show,Suma Comedy With Stars,Genes Tollywood Game Show,Genes Latest Promo,Telugu Latest Shows,Latest Promos,Telugu Promos,Suma Fun at Genes,Suma Punches,Suma Counter,Suma Funny Punches,Yadammaraju"
"Tiger Zinda Hai Trailer,Tiger Zinda Hai Official Trailer,Tiger Zinda Hai Teaser,Tiger Trailer,Trailer of Tiger Zinda Hai,Bollywood Trailer,Trailer 2017,Latest Movie Trailer,tona totka,tone,lal kitaab,pandit ji talk,chamatkari samsya,chamatkari upay,à¤˜à¤° à¤®à¥‡à¤‚ à¤šà¥à¤ªà¤šà¤¾à¤ª à¤¯à¤¹à¤¾à¤ à¤°à¤– à¤¦à¥‡ à¤à¤• à¤²à¥Œà¤‚à¤—,à¤‡à¤¤à¤¨à¤¾ à¤¬à¤°à¤¸à¥‡à¤—à¤¾ à¤ªà¥ˆà¤¸à¤¾ à¤•à¤¿ à¤†à¤ª à¤¸à¤‚à¤­à¤¾à¤² à¤¨à¤¹à¥€à¤‚ à¤ªà¤¾à¤“à¤—à¥‡,ayurvedic,ayurevda,home treatment,home remedies,gharelu nuskhe,4 rashiya,16 novmbar,8 à¤°à¤¾à¤¶à¤¿à¤¯à¥‹à¤‚ à¤•à¥€ à¤²à¤—à¥‡à¤‚à¤—à¥€ à¤²à¥‰à¤Ÿà¤°à¥€"
"bollywood news,bollywood news in hindi,bollywood box office,bollywood actress,latest bollywood news,bollywood gossip,bollywood news and gossip"
"november 2017 current affairs,november,november 2017,current,affairs,current affairs,study iq,studyiq,study,iq,best,gk,general knowledge,general,knowledge,static,static gk,upsc,ssc,cgl,chsl,lic,ldc,mts,ibps,po,clerk,sbi,up,pcs,psc,mp,andhra,telangana,2017,2018,2019,2020,clat,bba,exam,exams,top,read,for,to,on,at,from,hindi,in hindi,english,current affairs 2017,issue,debate,discussion,uppsc,uppcs,mppsc,cgpsc,tpsc,tspsc,appsc,mpsc,ras,rpsc,reet,jssc,ssc cgl,ssc ldc,steno,the"
"tamil news,tamilnadu politics comedy,tamil political speech,tamil political fight,latest tamil news,tamil news today,tamil news online,newsglitz,nakkeeran gopal interview,nakkeeran gopal latest interview,nakkeeran gopal speech,nakkeeran gopal speech about jayalalitha,nakkeeran on raid,nakkheeran about sasikala,sasikala raid,sasikala latest"
"à¤°à¤¾à¤¶à¤¿à¤«à¤² 2017,rashifal 2017 - YouTube,Saturn transit in Saggitarius,Saturn transit,Shani ka Dhanu rashi me,Shani karenge malamal,Shani gochar 2017,khulega kismat ka taala,bigboss2017,13 novembe"
"rich,millionaire,habits,hindi,urdu,7 habits,of,self made,millionaires,billionaires,behaviour,secrets,7 habits of highly effective people,brian,tracy,book,summary,21 secrets,of self made,effective people,responsibility,big dream,work hard,relations,speed"
"my tv,my bollywood,latest tv news,indian tv shows,reality shows,exclusive interview,eviction interview,bigg boss 11 contestants,bigg boss controversy,bigg boss fight,bigg boss shilpa shinde,vikas gupta,bigg boss 11,bigg boss 11 full episode,bigg boss 11 today episode,bigg boss season 11,full episode,shilpa shinde,hina khan,salman khan,mehjabi elimination,mehjabi eviction interview,mehjabi eviction,mehjabi hina fight"
"Vaani rani,rani,Radhika in funny character,venu aravind,SunTV,VaniRani,vani,vaani,Radhikas dual role serial,Ranimma veetu kuripu,Radhika as lawyer in serial,radikaa,rathika,Radhikas new"
"sumantv,à°ªà±à°°à°¤à°¿ à°¸à±‹à°®à°µà°¾à°°à°‚ à°ˆ 19 à°°à±‚à°ªà°¾à°²à°²à±‹ à°¶à°¿à°µà±à°¡à± à°®à±€ à°šà±à°Ÿà±à°Ÿà±‚à°¨à±‡ à°¤à°¿à°°à±à°—à±à°¤à°¾à°¡à±..! Lord Shiva 19 Avatars,à°ªà±à°°à°¤à°¿ à°¸à±‹à°®à°µà°¾à°°à°‚ à°ˆ 19 à°°à±‚à°ªà°¾à°²à°²à±‹ à°¶à°¿à°µà±à°¡à± à°®à±€ à°šà±à°Ÿà±à°Ÿà±‚à°¨à±‡ à°¤à°¿à°°à±à°—à±à°¤à°¾à°¡à±..!,à°¸à±‹à°®à°µà°¾à°°à°‚,19 à°°à±‚à°ªà°¾à°²à°²à±‹ à°¶à°¿à°µà±à°¡à±,à°¶à°¿à°µà±à°¡à± à°®à±€ à°šà±à°Ÿà±à°Ÿà±‚à°¨à±‡ à°¤à°¿à°°à±à°—à±à°¤à°¾à°¡à±,à°¶à°¿à°µà±à°¡à±,Lord Shiva 19 Avatars,Lord Shiva,shiva avatars,shiva pooja,shiva puja,lord shiva pooja,lord siva pooja,benifits in karthika masam,à°ˆ à°°à±‹à°œà± à°•à°¾à°°à±à°¤à±€à°•à°®à°¾à°¸ à°šà°¿à°µà°°à°¿ à°¸à±‹à°®à°µà°¾à°°à°‚ à°‡à°¦à°¿ à°µà°¿à°‚à°Ÿà±‡ 1000 à°¸à°¾à°°à±à°²à± à°•à°¾à°¶à±€ à°µà±†à°³à±à°²à°¿à°¨à°‚à°¤ à°ªà±à°£à±à°¯à°‚ à°¦à°•à±à°•à±à°¤à±à°‚à°¦à°¿.! Lord Shiva,shiva stuthi,shiva songs"
"Abish,Mathew,Abish Mathew,stand up,comedy,Abish Mathew stand up comedy,abish mathew comedy,son of abish,vir das,Irrfan khan"
"Venkatesh Wife,Venkatesh,venkatesh daggubati,daggubati,venkatesh wife,venkatesh wife photos,venkatesh wife videos,video,Venkatesh Neeraja,neeraja,venkatesh wife name neeraja,samantha,samantha naga chaitanya,naga chaitanya,wedding reception,reception,samantha naga chaitanya wedding reception,wedding,samantha naga chaitanya marriage,tollywood,celebs,allu arjun,allu arjun wife,sneha reddy,rana,rana daggubati,suresh babu,nagarjuna,wife"
"superhero,kid with superpowers,indian superhero,mahaghajini,shweta kawatra,bhayankar pari,sudeepa singh,rani pari,montu,purvesh pimple,baalpari,superpowers,sony,sony pal,hindi tv show,hindi serials,serials for kids,fantasy serials,pari lok,bhaynak lok,baalveer,watch baalveer online,watch balveer for free,à¤¬à¤¾à¤² à¤µà¥€à¤°,daityani,ghost,scared children,haunted house,bhootlok"
"Pradeep Machiraju,Anchor Pradeep,pradeep machiraju,konchem touch lo unte chepta,konchem touch lo unta season 3,konchem touch lo unte cheputha latest episode,KTUC 3,KTUC Season 3,konchem touch lo unte cheputha varun tej,Konchem Touch Lo Unte Chepta Season 3 - Akkineni Nagarjuna,Zee telugu,KTUC New Promo,Navdeep,konchemm touch lo unte cheputha latest episode,KTUC latest episode,Rajasekhar and his Family,KTUC Rajasekhar and his family promo,KTUC Rajasekhar promo"
"Sony Music India,Sony Music,Latest Hits,kollywood,mersal songs,mersal songs vijay,mersal songs tamil,mersal songs 2017,mersal ar rahman,mersal single track,mersal movie,mersal audio launch,vijay songs,A R Rahman,vijay videos,vijay mersal"
"Manorama News,News,Politics,Kerala News,Breaking News,Latest News,Kerala,youtube,idukki,elephant,elephant hit"
"Aruvi,Aruvi Tamil Movie,Aruvi Movie,Aruvi Teaser,Aruvi Tamil Movie Teaser,Aruvi Award Winning Movie,Aruvi Movie Teaser,Aruvi Official Teaser,Aditi Balan,Anjali Varathan,Muhammad Ali Baig,Kavitha Bharathi,Lakshmi Gopalswamy,Pradeep Antony,Arun Prabu Purushothaman,Dream Warrior Pictures,S.R. Prakash Babu,S.R. Prabhu,Aruvi Tamil Teaser"
"à¤¸à¤¿à¤•à¥à¤•à¤¾ à¤‡à¤¤à¤¨à¤¾ à¤†à¤¯à¥‡à¤—à¤¾ à¤ªà¥ˆà¤¸à¤¾ à¤•à¥€ à¤¸à¤‚à¤­à¤¾à¤² à¤¨à¤¹à¥€ à¤ªà¤¾à¤“à¤—à¥‡,à¤•à¥ˆà¤®à¥‡à¤°à¥‡ à¤®à¥‡à¤‚ à¤¹à¥à¤† à¤•à¥ˆà¤¦ à¤¨à¤¹à¥€à¤‚ à¤¤à¥‹ à¤†à¤ª à¤¯à¤•à¥€à¤¨ à¤¨à¤¹à¥€à¤‚ à¤•à¤°à¤¤à¥‡,à¤§à¤¨à¤¤à¥‡à¤°à¤¸,à¤²à¤•à¥à¤·à¥à¤®à¥€ à¤ªà¥‚à¤œà¤¾,à¤¦à¥à¤°à¥à¤—à¤¾ à¤†à¤°à¤¤à¥€,à¤µà¤¿à¤§à¥€,à¤¶à¤¾à¤¸à¥à¤¤à¥à¤°,à¤²à¤•à¥à¤·à¥à¤®à¥€ à¤”à¤° à¤•à¥à¤¬à¥‡à¤° à¤¸à¤¾à¤¥ à¤†à¤¯à¥‡à¤‚à¤—à¥‡ à¤˜à¤°,à¤‰à¤ªà¤¾à¤¯,à¤–à¥à¤¬ à¤ªà¥ˆà¤¸à¤¾ à¤•à¤®à¤¾à¤¨à¤¾ à¤¹à¥ˆ à¤¤à¥‹,à¤²à¤•à¥à¤·à¥à¤®à¥€ à¤¦à¥Œà¤¡à¤¼à¥€ à¤šà¤²à¥€ à¤†à¤à¤—à¥€ à¤†à¤ªà¤•à¥‡ à¤˜à¤°,18 à¤¨à¤µà¤®à¥à¤¬à¤° à¤¶à¤¨à¤¿ à¤…à¤®à¤¾à¤µà¤¸à¥à¤¯à¤¾ à¤œà¤¼à¤°à¤¾ à¤¸à¤¾ à¤¸à¤°à¤¸à¥‹à¤‚ à¤•à¤¾ à¤¤à¥‡à¤² à¤šà¤®à¤•à¤¾ à¤¦à¥‡à¤—à¤¾ à¤•à¤¿à¤¸à¥à¤®à¤¤ à¤‡à¤¤à¤¨à¤¾ à¤†à¤¯à¥‡à¤—à¤¾ à¤ªà¥ˆà¤¸à¤¾ à¤•à¥€ à¤¸à¤‚à¤­à¤¾à¤² à¤¨à¤¹à¥€ à¤ªà¤¾à¤“à¤—à¥‡,18 à¤¨à¤µà¤®à¥à¤¬à¤° à¤¶à¤¨à¤¿ à¤…à¤®à¤¾à¤µà¤¸à¥à¤¯à¤¾,à¤œà¤¼à¤°à¤¾ à¤¸à¤¾ à¤¸à¤°à¤¸à¥‹à¤‚ à¤•à¤¾ à¤¤à¥‡à¤² à¤šà¤®à¤•à¤¾ à¤¦à¥‡à¤—à¤¾ à¤•à¤¿à¤¸à¥à¤®à¤¤,à¤¶à¤¨à¤¿ à¤…à¤®à¤¾à¤µà¤¸à¥à¤¯à¤¾ à¤ªà¤° à¤¸à¥à¤¬à¤¹ à¤•à¤°à¥‡à¤‚ à¤²à¥‹à¤¹à¥‡ à¤•à¥€ à¤•à¤Ÿà¥‹à¤°à¥€ à¤”à¤° à¤¸à¤°à¤¸à¥‹à¤‚ à¤•à¥‡ à¤¤à¥‡à¤² à¤•à¤¾ à¤šà¤®à¤¤à¥à¤•à¤¾à¤°à¥€ à¤‰à¤ªà¤¾à¤¯,18 à¤¨à¤µà¤®à¥à¤¬à¤°,18 à¤¨à¤µà¤®à¥à¤¬à¤° 2017"
"sneak food,how to sneak food into class,class hacks,school food,food in class,sneak food into class,how to sneak food into school,take food to school,weird school supplies,school pranks,back to school,hide food,eating in class,ways to sneak food into class,how to sneak food in class,how to sneak food in school,best school pranks,back to school pranks,prank,school"
"funbucket,fun bucket comedy videos,106th copy,stand up comedy,funny skits,telugu,comedy,videos,2017,funny,web series,#comedywebseries,latest fun bucket copy,standup comedy,telugu funny videos,telugu comedy videos,fun bucket,episode 106,mahesh vitta,bharat,telugu web series,telugu comedy,funny videos 2017,comedy videos,funny web series,harsha annavarapu,best comedy webseries,funny scripts,avinash varanasi,web series india,web series telugu,teluguone"
"Indrajith Songs,Indrajith Movie,Indrajith Tamil Movie,Indrajith Full Movie,Indrajith Teaser,Indrajith Trailer,Indrajit Songs,Indrajit Movie,Indrajit Tamil Movie,Indrajit Full Movie,Indrajit Teaser,Indrajit Trailer,Indrajith,Indrajit,Indrajith New Movie,Indrajith teaser,Indrajit teaser"
"Tn Politics Updates,Tamil Nadu News,Tamil Nadu Politics,Tamil Nadu Updates,Latest TN politics,Latest Tamil News Tamil News Polimer News Polimer TV"
"film news,movie news,movie gossips,mollywood,bollywood,tollywood,mohanlal,mammootty,prithviraj,dileep,nivin pauly,dulquer,à´¨à´®àµà´®àµà´Ÿàµ† à´¦à´¿à´µàµà´¯ à´‰à´£àµà´£à´¿à´¯àµ† à´“àµ¼à´®àµà´®à´¯àµà´£àµà´Ÿàµ‹? à´‡à´ªàµà´ªàµ‹àµ¾ à´•à´£àµà´Ÿà´¾àµ½ à´žàµ†à´Ÿàµà´Ÿàµà´‚ , Malayalam Actress Divya Unni,Malayalam Actress Divya Unni"
[none]
"Bithiri Sathi,Bithiri Sathi Imitates sayaji shinde,Bithiri Sathi As Brand Ambassador,Brand Ambassador For Chicken,Brand Ambassador For Eggs,Bithiri Sathi On Sayaji Shinde,Sayaji Shinde,Actor Sayaji Shinde,National Egg Coordination Committee,Brand Ambassador,Egg Brand Ambassador,egg,egg health benefits,egg nutrition,protein,fat,health benefits of egg,bolied egg,health benefits of eggs,teenmaar News,V6 News,V6 teenmaar News,Bithiri Sathi Prakash Raj"
"kuladheivam,kuladheivam 13.11.2017.,kuladheivam episode 771â€ suntv kuladheivam 13/11/2017.,kuladeivam sun tv serial,kuladheivam new serial,kuladheivam new sun tv serial,kuladheivam nadhaswaram replacement,nadhaswaram,thiru tv,kulatheivam 13.11.2017.,kuladheivam 13-11-17.,kulatheivam episode 771â€ SUN TV SERIAL,kuladheivam today,kulatheivam today,kuladheivam yesterday,kulatheivam yesterday,kulatheivam serial 13.11.2017,thirupictures,thirumurugan,thirutv"
"tamil politics news,recent tamil politics news today,latest tamil politics news today,tamil news live,recent tamil news,tamil news today,tamil political news live,tamil political news in english,latest tamil news,tamil breaking news,tamil top news,top news tamil,recent tamil news today,breaking news tamil,tamil news"
"the hungama films,10 years old,pyar ho jayega on girls,10 year old picking up girls,11 year old kid picking up hot girls,kid picking up girls,picking up girls,10 years old kid prank,kid picking up girl,child picking up girls,picking up chicks,kid prank,prank in india,pranks in india 2017,indian prank,prank on girls,best pranks 2017,pranks in 2017,best pranks of 2017,prank on cute girls,prank on hot girls,prank on indian girls,hot girls prank"
"Thanthi TV,Thanthi,Tamil Nadu News,BJP cannot break Congress,P. Chidambaram,P. Chidambaram Interview,Sonia Gandhi,Congress,BJP,BJP Govt,Narendra Modi,PM Modi,Amit Shah,Rahul Gandhi,Rajya Sabha,Nirmala Sitharaman,NEET,Neet Exemption,P. Chidambaram Twitter,AIADMK,AIADMK Govt,kelvikkenna bathil,Arun Jailley,Corruption,GST,GST Rates,GST Council Meet,Demonetization,Black Day,Finance Minister,IT Raid,Rangaraj Pandey,Old Currency Notes"
"Trailer,Funny,Interview,bollywood,sakhtlaunda,sakht,zakirkhan,irfankhan"
"Ayurved samadhan,beauty,madhumeh,nuskha,nuskhe,gharelu upay,fat,belly fat,long hair,slim body,food,healthy food,daily routine,à¤¸à¥à¤¬à¤¹-à¤¸à¥à¤¬à¤¹ à¤…à¤œà¤µà¤¾à¤‡à¤¨ à¤•à¤¾ à¤ªà¤¾à¤¨à¥€ 4 à¤¦à¤¿à¤¨ à¤ªà¥€à¤¨à¥‡ à¤•à¥‡ à¤¬à¤¾à¤¦ à¤†à¤ª à¤–à¥à¤¦ à¤šà¥Œà¤•à¤¨à¥à¤¨à¥‡ à¤¹à¥‹ à¤œà¤¾à¤¯à¥‡à¤‚à¤—à¥‡// Ayurved Samadhan"
[none]
"ETV,ETVTelugu,ETV NewsVideo,National News Video,ETV World,ETV andhravani,andhravaniVideo,ETV Talkies,Etv11,Etv andhra pradeshNews,andhravani,Etv Ghantaravam,Etv11 india,Telugu News,Etv AP,AP News,AP,Etv Telugu,Etv News Live Video,Etv Sakhi,Etv Sukhibhava,Health Magazine,Health Show,Etv Margadarsi,ETV Aaha,Latest News Videos,Munrdhadugu,Lakshyam,ETV Telangana,Telangana News,Telangana Latest News,Telangana Updates,ETV Live,Live TV,latest News"
"Ramji,Indraja,Sadhana,Rani,Pooja,Raj Kumar,Valli,Vidhya,Paulraj,Dev anand,Sunil,Saregama,Tamil TV shows,drama,kollywood actors,chinnathirai,sun tv,Valli Epi 1425 Promo,Valli 1425,13th November,Suntv shows,SUNTV,tamil serial promo,Tamil serials"
"Gajar Aur Mooli Ka Mix Achaar Recipe Recipe of making Gajar,Mooli,Phool Gobhi & Shaljam ka Achar,Gajar aur mooli ka Achar Mixed Vegetable Pickle Instant Carrot Pickle Recipe,gajar muli ka achar Mix vegetable Achar,Sabzi Ka Achaar,mooli ka achar in hindi,gajar gobhi shalgam ka achar in hindi,mix achar banane ki vidhi hindi me,punjabi gajar ka achar,carrot achar recipe in hindi"
"à°µà°¾à°°à°¿,à°¦à°—à±à°—à°°à°¿,à°¨à±à°‚à°¡à°¿,à°’à°•à±à°•,à°µà°¸à±à°¤à±à°µà±,à°¤à±€à°¸à±à°•à±‹à°—à°²à°¿à°—à°¿à°¤à±‡,à°‡à°‚à°•,à°…à°‚à°¤à±‡,hijra,hijra life,hijra secrets,hijra strory in telugu,hijra in telugu,hijra story,latest videos,hijra dance,hijra life style,transgender,hijra in india,hijra special interview,hijra dance in india,hijra street dance,hijra dance videos,hijra fight,indian hijra,indian hijra dance,hijra hot dance,beautiful hijra,top 5 transgenders,a hijra life story,à°¹à°¿à°œà±à°°à°¾à°² à°¨à±à°‚à°šà°¿ à°ˆ à°µà°¸à±à°¤à±à°µà± à°¤à±€à°¸à±à°•à±à°‚à°Ÿà±‡ à°®à±€ à°œà±€à°µà°¿à°¤à°‚ à°®à°¾à°°à°¿à°ªà±‹à°¤à±à°‚à°¦à±"
"Ramaleela,Ramaleela Success Trailer,Dileep,Arun Gopy,Mulakkuppadam Films,Ramaleela Official teaser,Arun Gopi,Mulakuppadam Films,new release malayalam film,teaser,official teaser,dileep,dileep news,dileep new movie,dileep film,dileep latest film,Tomichan Mulakuppadam,pulimurugan,Gopi Sunder,latest dileep malayalam film,malayalam film,hit movie,popular film"
"Samantha Dress Cost,Samantha Dress,Chay-Sam Grand Reception,Grand Reception for #ChaySam,Naga Chaitanya and Samantha Ruth Prabhu wedding,samantha naga chaitanya wedding videos,ChaiSam Wedding Reception LIVE,Naga Chaitanya Samantha marriage video,Naga Chaitanya Samantha Wedding pics,Samantha and Naga Chaitanya reception full video,naga chaitanya,chaysam reception,Naga Chaitanya - Samantha Akkineni Reception,Nagarjuna,Naga Chaitanya Samantha,Samantha marriage photos"
"Adda 247,bankersadda,bankers adda,ssc adda,sscadda,ibps,bank po,SSC,SSC CGL,adda247,adda,current affairs,banking,po,government exam,bank exam,banking classes,competitive exam,sbi po,rrb,lic,railways,upsc,self preparation,imprtant topic,free classess,free coaching,online bank coaching,online ssc coaching"
"Moto X4,Oneplus 5T,Jio Latest,technical guruji,technicalguruji,Tech news,tech talks,latest tech news,technology,india,hindi,latest,jio plans,Latest,latest updates,trick,Tech,online,Daily News,Hindi News,Jio Prime Plans,5G India,FREE DATA,Airtel,Jio Latest News,Idea,Vodafone,India,Gaurav Chaudhary,Fidget Spinner,Lenovo K8 Note,LG Q6,Note 8,Jio Phone Delivery,Tech Talks #346,Flipkart,iPhone X Unboxing,Nokia 7,iPhone X"
"#9RosesMedia,Rana Having Fun With Samantha Naga Chaitanya @Naga Chaitanya and Samantha Reception #9Roses Media,Rana Having Fun With Samantha Naga Chaitanya,Naga Chaitanya and Samantha Reception,rana,rana daggubati,samantha wedding,samantha reception,naga chaitanya wedding,naga chaitanya reception,naga chaitanya,samantha,akkineni family,nagarjuna,akhil,amala,venkatesh,daggubati family,samantha naga chaitanya,rana fun"
"rajasthani comedy marwari comedy hariyani comedy,à¤®à¤¾à¤°à¤µà¤¾à¥œà¥€ à¤•à¥‰à¤®à¥‡à¤¡à¥€,à¤®à¤¾à¤°à¤µà¤¾à¤¡à¥€ à¤«à¤¿à¤²à¥à¤®,à¤®à¥à¤°à¤¾à¤°à¥€ à¤²à¤¾à¤²,à¤°à¤¾à¤œà¤¸à¥à¤¥à¤¾à¤¨à¥€ à¤•à¥‰à¤®à¥‡à¤¡à¥€,à¤¹à¤°à¤¿à¤¯à¤¾à¤£à¥€ à¤•à¥‰à¤®à¥‡à¤¡à¥€,à¤®à¥à¤°à¤¾à¤°à¥€à¤²à¤¾à¤² à¤µà¥€à¤¡à¤¿à¤¯à¥‹,rajsthani comedy,haryanvi comedy,murarilal video,murari ki cocktail,engagement,comedy video"
"madrascentral,halfboil,episode7,paridhabangal,gopi,sudhakar,madras masala,madras central,gosu,half boil episode 7"
"edsheeran,ed sheeran,acoustic,live,cover,official,remix,official video,lyrics,session"
[none]
"zee24taas,marathi video,marathi news,Breaking News,Watch Video,Politics,Crime,Zee TV,News,à¤®à¤°à¤¾à¤ à¥€ à¤µà¥à¤¹à¤¿à¤¡à¤¿à¤“,à¤à¥€ à¥¨à¥ª à¤¤à¤¾à¤¸,à¤®à¤°à¤¾à¤ à¥€ à¤¬à¤¾à¤¤à¤®à¥à¤¯à¤¾,Sangli Aniket Kothle Daughter Pranjal Painful Question Ask To Police,à¤…à¤¨à¤¿à¤•à¥‡à¤¤ à¤•à¥‹à¤¥à¤³à¥‡,Aniket Kothle,Sangli,Police,à¤ªà¥‹à¤²à¤¿à¤¸,à¤¸à¤¾à¤‚à¤—à¤²à¥€,à¤ªà¥à¤°à¤¾à¤‚à¤œà¤² à¤•à¥‹à¤¥à¤³à¥‡,Pranjal"
"flowers tv,uppum mulakum,uppum,biju sopanam,Balanchandran,Neelima,juhi rustagi,flower tv comedy,flower tv malayalam,balanchandran,entertainment,best comedy serial malayalam,s p sreekumar,college campus comedy,marimayam,sneha sreekumar,programme,moosa,m80 moosa,funny,flower tv comedy night,malayalam comedy,+uppum mulakum"
"VirginWomanDiaries,Season Finale,Episode 11,Amit,Kiara,Virgin Woman Diaries,Married Woman Diaries,Manu Chobe,Archita Agarwal,Meera Short Film,Web Series,Kabir Sadanand,RJ Urmin,SonyLIV,Lehren TV,Hungama,Virgin Web Series,Virgin Woman Diaries Web Series,Virgin Woman Diaries Episode,latest web series,web series 2017,Virgin Woman Diaries Kiara,web series hindi,web series by kabir sadanand"
"Samantha Hilarious Comedy,Vennala Kishore and sai Dharam Tej,Vennala Kishore,sai Dharam Tej,bala krishnudu,nara rohit,nara rohit balakrishnudu,balakrishnudu songs,bala krishnudu trailer,bala krishnudu movie"
"lyricist,aunty ki gunty rap,aunty ki ganti by omprakash mishra,best rapper in the world,rapper in india,fast,bol na aunty aun kya shot omprakash mishra,aunty ki ghanti part 2,omprakash mishra,boloauny aau kya,ghanti,aunty,part 2,new,rap,song,comedy,memes,funny,Omprakash mishra part 2,Aunty ki Ghanti part 2 video,Aunty Ghanti part 2 full music video,Om Prakash Mishra aunty ki Ghanti part 2,mallika,malliak roast"
"Zee marathi,Lagira Zhala Jee,full episode,marathi,show,serial,daily soap,ozee,watch online,television"
"Bhojpuri,bhojpurinew,bhojpuritube,tubebhojpuri,bhojpurihd,bhojpurilive,bhojpurilanguage,hindibhojpuri,bhojpuriworld,Bhojpurivideo,bhojpurinews,bhojpurisinger,bhojpuriactor,Khesari,KhesariLalYadav,KhesariLalYadavWiki,KhesariLalYadavBiography,KhesariLalYadavFamily,KhesariLalyadav15Sory,KhesariLalFather,KhesariLalVideo,KhesariLalBhojpuri,KhesariBhojpuriTube,BhojpuriKhesariLal,KhesariLalNews,KhesariLetestVideo,KhesariLalnewVideo,KhesariLalYadavHDVideo"
"big boss,kannada big boss rich and poor contestant,kannada big boss,kannada bigg boss,kannada bigg boss 5 contestants,bigg boss kannada season 5,bigg boss kannada,kannada bigg boss season 5"
"ryan,higa,higatv,nigahiga,i dare you,idy,rhpc,dares,no truth,comments,comedy,funny,stupid,fail"
"irrfan,khan,parvathy,QQS,Qarib Qarib Singlle,movie,date,relationship,love,girlfriend,boyfriend,bae,sketch comedy,meme,funny,haha,filtercopy,filter copy,pocket aces,dice media,viral video,webseries,web series,comedy,all india bakchod,being indian,tvf qtiyapa,scoopwhoop,rajnikant vs CID jokes,RVCJ,buzzfeed,east india comedy,the viral fever,timeliners,girliyapa,netflix,BYN,ashish chanchalani,vines,screenpatti,bakchod,SIT,irfan,irrfan khan,irfan khan"
"#Franklywithtnr,#tnr83,#83Tnr,Actor Rajasekhar Interview,Hero Rajasekhar Interview,Actor Rajasekhar exclusive Interview,Jeevitha Rajasekhar Interview,Rajasekhar Candid Interview with TNR,Tnr Interview with Rajasekhar,Rajasekhar Tnr Interviews,Tnr Latest Interviews,idream Tnr Interviews,Tnr Interview PSV Garuda Vega actor Rajasekhar,Frankly With TNR Latest Interview,PSV Garuda Vega Movie,PSV Garuda Vega Movie Songs,Tnr Rajasekhar Candid Interviews,Tnr"
"gossips,gossip adda,tollywood,tollywood news,tollywood updates,à°µà±€à°³à±à°³à±‡à°®à±‹ à°Ÿà°¾à°ªà± à°µà°¿à°²à°¨à±à°¸à± à°•à°¾à°¨à±€ à°µà±€à°³à±à°³ à°­à°¾à°°à±à°¯ à°²à± à°Ÿà°¾à°ªà± à°¹à±€à°°à±‹à°¯à°¿à°¨à±à°¸à±,Tollywood Villains Wives,à°µà±€à°³à±à°³à±‡à°®à±‹,à°Ÿà°¾à°ªà± à°µà°¿à°²à°¨à±à°¸à±,à°•à°¾à°¨à±€ à°µà±€à°³à±à°³,à°­à°¾à°°à±à°¯ à°²à±,à°Ÿà°¾à°ªà± à°¹à±€à°°à±‹à°¯à°¿à°¨à±à°¸à±,telugu villain wives,tollywood villains families,raghuvaran wife rohini,villain avinash wife malavika,villain kulakarni wife geetanjali kulakarni,ashish vidyarthi wife rajoshi vidyarthi,murli sharma wife ashwini kalsekar,biju menon wife samyuktha"
"Tamil Cinema (Film Genre),Review,Tamil movies review,tamil new movies online,tamil movies rating and review,review and rating,tamil new movies review,tamil new movies honest review,tamil talkies,tamil talkies.net"
"Make Healthy Leech Oil,Healthy Leech Oil,healthy oil,oil for health,health benefits of oil,oil benefits,How To Make Healthy Leech Oil At Home,easy ways to make oil,leech oil for men"
"my village show,anji mama,raju,sriram srikanth,gangavva,village,dayyam pattudu,spirtual"
"kunchacko boban,kunchako boban,kunchacko boban song,kunchacko boban singing for wife,Cinemakkaryam,Mammootty,Mohanlal,Prithviraj,Dulquer Salmaan,Nivin pauly,Dileep,Malayalam movies,official trailer,vijay yesudas,Chackochan,Kunchacko song,funny malayalam,asianet news,mazhavil maorama,flowers comedy supernite,uppum mulakum,kunchacko boaban movies,vijay yesudas song"
"tamil crowd,tamilcrowd,kollywood news,tamil cinema,latest news,cinema seithigal,tamil news,cinema news,tamil,actor,vikram,family,son,daughter,wife,dhruv,akshita,shailaja,shailaja balakrishnan"
"Biggboss latest episode,biggboss,Vijay Tv,Lakshmi,Chennai Floods,Short film,pokkisham,latest episode,tamil latest news,tamil troll,biggboss episode,tamil hot,biggboss full episode,biggboss elimination,Pepper Media,Indiaglitz,Behindwoods,Fully Filmy,Madras Meter,Tamil Trolls,Tamil Dubsmash,Tamil News,Tamil Actress Hot,Tamil Couple Sex,Vaani Rani,Village food factory,Hot Video,Put chutney,Madras Central,Big boss promo"
"sab tv channel,sab tv live,sab tv serials,sab tv new show 2016,all episodes,comedy channel india,comedy channel hindi,comedy videos,taarak mehta ka ooltah chashmah,old episodes,latest episodes,Dilip Joshi,Hansraj Hathi,jethalal,daya,bhide,taarak mehta,dilip joshi,tapu sena,champaklal,tappu,anjali taarak,iyer,babita,society,sodhi,Weekly Reliv,haste raho india,taarak mehta weekly reliv,weekly episode"
"tarang,tarang tv,tarang tv online,tarang tv serial,odia tarang tv serial,tarang tv show,taranga channel,tarang tv channel,odia tarang channel,odia serial,odia serial video,odia channel,odia tv channel,odia tv show,odia tv,tarang durga,tarang tv serial durga,odia serial durga,oriya serial durga,durga tarang tv,tarang tv durga serial,taranga durga serial"
"Photo se Vashikaran,Mobile ki photo se vashikaran,swami ji videos,om namoh narayan,tratak kriya,photo se vashikaran karne ka mantra hindi me,photo se vashikaran ke totke,tratak vashikaran"
"businessofcinema,boc,bollywood,abhishek bachchan,aishwarya rai bachchan,aishwarya rai bachchan wardrobe malfunction,abhishek aishwarya,aishwarya rai bachchan at manish malhotra,aishwarya rai bachchan fanney khanamitabh bachchan aishwarya rai bachchan at manish malhoâ€ ra,aishwarya rai bachchan gets angry,aishwarya rai bachchan with full bachchan family,jaya bachchan,jaya bachchan angry aishwarya rai bachchan,abhishek bachchan party"
"Filmjalsa,Varun Tej And Rana Dagubati Making Fun With Samantha In #ChaySam Wedding Reception , Film Jalsa,Naga Chaitanya-Samantha wedding reception,Samantha Akkineni,Naga Chaitanya,Nagarjuna,Amala,Akhil,ChaiSam Wedding Reception LIVE,Grand Reception for #ChaySam,Chay sam wedding,Naga Chaitanya and Samantha Ruth Prabhu wedding,samantha akkineni reception,samantha naga chaitanya wedding videos,samantha marraige videos"
"it raid,vivek jayaraman,jayatv,poes garden,à®µà®°à¯à®®à®¾à®© à®µà®°à®¿ à®šà¯‹à®¤à®©à¯ˆ,à®µà®¿à®µà¯‡à®•à¯ à®œà¯†à®¯à®°à®¾à®®à®©à¯,à®œà¯†à®¯à®¾ à®Ÿà®¿à®µà®¿,à®ªà¯‹à®¯à®¸à¯ à®•à®¾à®°à¯à®Ÿà®©à¯,vivek sasikala,sasikala,vivek,ttv,ttv dinakaran"
"rashifal,rashifal 2017,horscope,rashifal 10 november,astrology,jyotish shastr,anokhe upay,jyotish upay,2018 rashifal,weekly horscope,monthly horscope,yearly horscope"
"etv daily serials,etv daily soaps,etv fictions,bharyamani,etv chandramukhi,etv manasu mamata,swathi chinukulu,sikharam,anthapuram,adade aadaram,cash,jabardasth,extra jabardasth,nagababu,latest telugu serials,Krish,savithri,manasu mamatha,naperu meenakshi,gokulamlo seetha,antahpuram,seetamma vakitlo,champion,dhee jodi"
"sunday suspense,horror story,bangla golpo,Bangla Golpo,Sasthipada Chattopadhyay,à¦†à¦¤à¦™à§à¦•à§‡à¦° à¦°à¦¾à¦¤,NEW GOLPO"
"WTF,What The Fukrey,Fukrey,Alka Ailsinghani,Gulshan Ailsinghani,Kunal Chhabhria,What The Fuck,Wtf new video,500 wala phone,popo phone,wtf phone video,wtf customer shopkeeper,customer vs shopkeeper,wtf mobile video,ashish chanchlani vines,harsh beniwal,hasley india,it happens only in india,chain snatching video,wtf chain video,fukrey,fukrey returns"
"Intelligence assesses Jagan Mohan Reddys limits,YS Jagans Padayatra,Police Officers Wear Body Cameras,police officers wear body wear cameras in ys jagan padayatra,intelligence report on ys jagan padayatra"
"tamil actress,kollywood actresses,nayanthara,samantha,kajal agarwal,tamanna,keerthi suresh,ajith,vijay,tamil actors,sister,tamil movies,tamil songs,tamil comedy,troll videos,tamil cinema news,kollywood news,tamil memes,deivamagal,vaani rani,vamsam,valli,kula deivam,priyamanaval,nandhini,sun tv,vijay tv,zee tamil,tv shows,tamil new movies,tamil latest movies,mersal,mersal video songs,poove puchudava,raja rani,saravanan meenatchi,mappillai"
"film news,movie news,movie gossips,mollywood,bollywood,tollywood,mohanlal,mammootty,prithviraj,dileep,nivin pauly,dulquer,à´¨à´Ÿà´¿ à´¦à´¿à´µàµà´¯ à´‰à´£àµà´£à´¿ à´•àµ†à´Ÿàµà´Ÿà´¿à´¯àµ‹à´¨àµ† à´‰à´ªàµ‡à´•àµà´·à´¿à´šàµà´šà´¿à´Ÿàµà´Ÿàµ à´‡à´ªàµà´ªàµ‹à´´à´¤àµà´¤àµ† à´ªà´£à´¿ à´•à´£àµà´Ÿàµ‹ , Actress Divya Unni"
"sasikala,property,5days,parole,dhinakaran,ilavarasi,vivek,krishnapriya,assets,name,name changed,replace,admk,à®…à®¤à®¿à®®à¯à®•,à®šà¯Šà®¤à¯à®¤à¯à®•à¯à®•à®³à¯,à®ªà®°à¯‹à®²à¯,600à®šà¯Šà®¤à¯à®¤à¯à®•à¯à®•à®³à¯,à®šà®¿à®±à¯ˆ,à®šà®šà®¿à®•à®²à®¾"
"Sun TV Tamil serials,Vamsam (TV Program),Vamsam Tamil Serial,Vijayakumar (Film Actor),à®µà®®à¯à®šà®®à¯,Vasam serial,Sun TV Serial,Sun TV Vamsam,vamsam latest episode,Vamasam,Vamsam Todays episode,Vision Time tamil,Vamsam1330 Tamil family drama,Tamil Serials,Visiontime,Tamizh soaps,Vamsam 1330,vamsam episode 1330,vamsam 09 11 2017,1330 Vamsam,Vamsam,Episode,1330"
"Bigg Boss 11,Priyank Sharma,Priyank Sharma To Be Arrested,Bigg Boss 11 Priyank Sharma,Arshi Khan,Non-Bailable Warrent Issued Against Priyank Sharma,Arshi Khan PR Team To Arrest Priyank Sharma,Priyank Sharma Lonavla Jail,Sapna Chaudhary,Priyank Sharma Sapna Chaudhary,Salman Khan"
"sheorans,sheorans videos,sheorans funny videos,vikas sheoran,ritu sheoran,comedy videos,funny videos,haryanvi,haryanvi videos,haryanvi songs,haryanvi movies,funny haryanvi videos,indians in australia,nri,funny vines,sheorans vines,new haryanvi songs,funny hindi videos,funny hindi vines,sheorans new video,wrong number"
"Telugu Panchangam 2016,Ugadi Panchangam 2016,Gantala Panchangam,Weekly Predictions,Rasi Phalalu 2016,Vaara Phalalu,Mulugu Rasi Phalalu,Panchangam Telugu,Shubathidi Panchangam,Panchangam 2016-17,Yearly Predictions,Horoscope Prediction,Weekly Horoscope,Mesha Rasi,Vrushaba Rasi,Mithuna Rasi,Karkataka Rasi,Simha Rasi,Kanya Rasi,Tula Rasi,Vruschika Rasi,Dhanussu Rasi,Makara Rasi,Kumba Rasi,Meena Rasi"
[none]
"Nayanthara Visits Kasi Theatre For Aramm Promotion,Nayanthara Visits Kasi Theatre,Nayanthara,Nayantara"
"rishhsome,vines,rishabh rana,rishabh,funny,laugh,delhi,india,friendzone,desi videos,desi vines,popular videos,latest vides,popular vines,mumbai,funny videos,indian videos,top funny videos,friends,laughter"
"stars and news,malayalam film 2017,mammootty,the great father,mohanlal,take off parvathy,dulquar salmaan,dileep kavya,manju bhavana,sakhavu,cia dulquar,bhavana rape case dileep,nadirsha pulsar suni,kavya,amma,malayalam news,nivin,pauly,manju warrier,rima,kallingal,actress,hot,news"
"times of india,newshour debate,news,narendra modi,top stories,breaking news,times news,today,Green corridor,ambulance,critically ill,cancer,patient,Gurgaon,Gurugra,Haryana,Delhi"
"Mazhavil,Manorama,Ammuvinte Amma,Serial,Promo"
"à°¸â€Œà°®à°‚à°¤ à°•à°‚à°Ÿâ€Œà°¤â€Œà°¡à°¿,Samantha became EMOTIONAL @ Samantha naga chaithanya marriage Reception,telugu news,Tollywood news,why Samantha became EMOTIONAL @ Samantha naga chaithanya marriage Reception,samantha emotional moment,ChaySam Wedding Reception video,Naga Chaitanya and Samantha Wedding Reception LIVE,Samantha became EMOTIONAL,samantha emontatial,ChaySam Wedding Reception,#ChaySam,Naga Chaitanya,akkineni naga chaitanya,akkineni samantha,akkineni nagarjuna,#chaysam"
"Russia Vs Argentina 0-1 - All Goals & Highlights - 11/11/2017 HD,russia,argentina,russia vs argentina resumen,russia vs argentina all goal,russia vs argentina 0-1 highlights,argentina vs russia 1-0,messi,aguero,aguero goal russia argentina 1-0,Russia Vs Argentina 0-1 â— All Goals & Extended Highlights â— 11/11/2017 [HD],resumen,football,goal,nugobasilaiaa,ranking"
"Daily Post Punjabi,News,Punjab News,Politics,punjab,punjab police"
"abp majha,news,marathi news,Special Crime Report : Sangli Aniket Murder Sequance,à¤¸à¥à¤ªà¥‡à¤¶à¤² à¤°à¤¿à¤ªà¥‹à¤°à¥à¤Ÿ : à¤¸à¤¾à¤‚à¤—à¤²à¥€ : à¤…à¤¨à¤¿à¤•à¥‡à¤¤ à¤•à¥‹à¤¥à¤³à¥‡à¤šà¥à¤¯à¤¾ à¤®à¥ƒà¤¤à¤¦à¥‡à¤¹à¤¾à¤¸à¥‹à¤¬à¤¤ à¤ªà¥‹à¤²à¤¿à¤¸à¤¾à¤‚à¤šà¤¾ 180 à¤•à¤¿à¤®à¥€ à¤ªà¥à¤°à¤µà¤¾à¤¸,à¤¸à¥à¤ªà¥‡à¤¶à¤² à¤°à¤¿à¤ªà¥‹à¤°à¥à¤Ÿ : à¤¸à¤¾à¤‚à¤—à¤²à¥€ : à¤…à¤¨à¤¿à¤•à¥‡à¤¤ à¤•à¥‹à¤¥à¤³à¥‡à¤šà¥à¤¯à¤¾ à¤®à¥ƒà¤¤à¤¦à¥‡à¤¹à¤¾à¤¸à¥‹à¤¬à¤¤ 14 à¤¤à¤¾à¤¸à¤¾à¤šà¥à¤¯à¤¾ à¤ªà¥à¤°à¤µà¤¾à¤¸à¤¾à¤¤ à¤•à¤¾à¤¯ à¤˜à¤¡à¤²à¤‚?"
"nenjil thunivirundhal,soori,suseendran,naughty nights,rj vignesh,black sheep,smile settai,beep show,seeman"
"unerase poetry,shehar ke bachche,childrens day poetry,childrens day poem,childrens day poems,stand up slam poetry,hindi poems,best slam poetry,spoken word poetry,indian slam poetry,unerase poetry videos,slam poetry 2017,slam poetry,performance poetry,bal diwas kavita,childrens day poem,childrens day,childrens day hindi kavita,hindi poem on childrens day,short poem on childrens day,childrens day special,sundeep sharma,sundeep sharma poems"
"Parmeshar,Dwar,Trust,Sikh,Channel,Khalsa,Nirvair,Dharmik,Bhora,Taksal,Jarnail,Singh,Bhindran,Gurdas,Maan,Bhagwant,Babbu,EmmPee,Shabad,Gurbani,Punjab,India,Darbar,Akal,Takhat,Bhai,Harjinder,Punjabi,Isher,dhadrian wale ranjit sant singh 2015,dhadrian wale,dhadrian wale exposed,sikh voice,sikh channel,Sant,Dhadrian Wale,Dhadrianwale,Rara Sahib,emm pee,sant baba ranjit singh ji dhadrian wale"
"therawknee,rony,therawkneeshow,rawknee,childhood memories,1990s kids,1990s kids movies,1990s kids shows,90s kids,shaktimaan,shakalaka boom boom,son pari,cartoon network shows cartoon network india cartoon network hindi,shaktimaan song,indian,youtuber,indian old cartoon in hindi,indian childhood memories,indian childhood games,indian childhood,mogli,chacha chaudhary"
"onevision,telugu cinema,onevision telugu,Lalitha Jewellery Ad,Swathi Reddy,Lalitha Jewellery"
"73 questions with priyanka chopra,priyanka chopra,trailer,reaction,jaby koay,jaby,jabykoay,quantico,baywatch,nyc,mumbai,bollywood,vogue,anthony alba,hope jaymes"
"samantha,naga chaitanya,samantha ruth prabhu,akkineni naga chaitanya,Samantha Naga Chaitanya Wedding Reception,Samantha Naga Chaitanya Wedding Reception Video,Samantha Naga Chaitanya Wedding,samantha naga chaitanya reception video,samantha wedding reception video,chiranjeevi,akhil akkineni,nagarjuna akkineni,ram charan,allu arjun,allu sneha,venkatesh,rana,raashi khanna,lavanya tripathi,lakshmi manchu,rakul preet,nani,ss rajamouli,brahmanandam,varun tej"
"Current Affairs Live,13 Nov 2017,à¤•à¤°à¤‚à¤Ÿ à¤…à¤«à¥‡à¤¯à¤°à¥à¤¸ à¤²à¤¾à¤‡à¤µ,All Competitive Exams"
"calvary temple,shalom,shalom calvary temple,calvary temple hyderabad,p sathish kumar,bro p sathish kumar,p sathish kumar speeches,p sathish kumar messages,calvary temple sunday services,sunday services in calvary temple,calvary temple mega youth festival,devunitho oka rather,p sathish kumar songs,jesus christ,jesus songs,jesus christ story,prabhu songs,p sathish kumar varthamanams,calvary temple images,calvary temple construction,programs at calvary temple"
"TV9 EntertainmentTelugu film news,Tollywood upcoming films,Telugu new movies,Latest film updates,Tollywood Roundup,Telugu film teaser,Latest theatrical trailer,Tollywood Top News,Navdeep on Drugs and Bigg Boss - TV9 Exclusive,navdeep drugs,navdeep videos,navdeep controversial videos,navdeep bigg boss videos,navdeep short film,navdeep web series,mana mugguri love story,navdeep in mana mugguri love story"
[none]
"Real Fight Between Hero Rajendra Prasad and Victory Venkatesh,venkatesh hero,rajendra prasad,rajendra prasad venkatesh fight,venkatesh film chanti,rajendra prasad missed hit movies,hiot movies missed by hero rajendra prasad,tollywood mirapakai,hero rajendra prasad issue with venkatesh,tm,tollywood heroes real life icidents"
"kannada bigg boss season 5,kannada bigg boss 5,bigg boss kannada season 5,bbk 5,ashita bigg boss,bigg boss season 5 ashitha,ashitha in bigg boss kannada,bigg boss ashitha jagan,jagan and ashitha"
"Rajkummar Rao,Kriti Kharbanda,Shaadi Mein Zaaroor Aana,Shaadi Mein Zaaroor Aana movie,Shaadi Mein Zaaroor Aana songs,rajkummar rao movie,newton,rajkummar & kangana,Zoom,ZoomDekho,2017 Bollywood News,Zoom TV,Bollywood Celebs,Gossips,Latest News,full interview,shaadi mein zaroor aana interview"
"Askar Ali,Aju Vargheese,Sudheer Karamana,Dharmajan,Vishak Nair,Adhiti Ravi,Parvathi Arun,Arun Vaiga,Chembarathippoo,Latest Malayalam Movie"
"Ondraga Entertainment,Lakshmi Tamil Short Film,Lakshmi Short Film,Lakshmi Tamil Short,Sarjun KM,Sundaramurthy KS,Lakshmi Priyaa Chandramouli,Nandan,Leo Sivadass,Lakshmi Priyaa,Tamil Short Films,Lakshmi Award Winning Tamil Short Film,Bharathi,Divo,Short Films,Kallappadam,Kalam,Salt Mango Tree,salt mango tree full movie,salt mango tree comedy,Kalam Tamil movie,lakshmi short film heroine,lakshmi kathir,lakshmi sekar,Award Winning Tamil Short Films"
"Viacom18,Viacom 18 Movies,Viacom 18 Motion Pictures,Viacom,Viacom Movies,sanjay leela bhansali,Padmavati"
"Natural Health Care,à°¸à±‹à°®à°µà°¾à°°à°‚ à°ˆ à°ªà°¾à°Ÿà°²à± à°µà°¿à°‚à°Ÿà±‡ 1000 à°¸à°¾à°°à±à°²à± à°•à°¾à°¶à±€ à°µà±†à°³à±à°²à°¿à°¨à°‚à°¤ à°ªà±à°£à±à°¯à°‚ à°¦à°•à±à°•à±à°¤à±à°‚à°¦à°¿ , Lord Shiva Telugu Bakthi Songs,à°¸à±‹à°®à°µà°¾à°°à°‚ à°ˆ à°ªà°¾à°Ÿà°²à± à°µà°¿à°‚à°Ÿà±‡ 1000 à°¸à°¾à°°à±à°²à± à°•à°¾à°¶à±€ à°µà±†à°³à±à°²à°¿à°¨à°‚à°¤ à°ªà±à°£à±à°¯à°‚ à°¦à°•à±à°•à±à°¤à±à°‚à°¦à°¿,à°¸à±‹à°®à°µà°¾à°°à°‚,à°ªà°¾à°Ÿà°²à±,à°•à°¾à°¶à±€,à°ªà±à°£à±à°¯à°‚,Lord Shiva,Telugu Bakthi Songs,Bakthi Songs,Shiva,Karthika Masam,Lord Siva Devotional Songs,Lord Siva Devotional,Devotional Songs,shiva sambo,shivudi patalu,god shiva,sri sailam shiva,kaasi shiva,shiva pooja,shiva trance,siva tunder,shiva"
"Reporter live,Malayalam News,News Live tv,Trending News,Malayalam News channel live,Nikesh Kumar,Editors Hour,Latest News,Latest Malayalam News,Asianet News,Manorama News,John Brittas,CPIM,kpcc,pinaray vijayan,Ente chora thilaykkunnu"
"kannada actor master manjunatha,current job of master manjunath,kannada latest news,actors who left industry,master,sandalwood star updates,chandanavana"
[none]
"rain in chennai,redpix,red pix,red pix 24x7,heavy rains in chennai,heavy rain in chennai,chennai weather,chennai rains,weather in chennai,chennai,chennai weather report,heavy rain,tamil latest news,chennai live weather,heavy rainfall warning,very heavy rain,rainfall status,city weather,chennai city,tamil news today,cyclone,tamil,news in tamil,tamil news,latest tamil news,today tamil news,tamil live news,today news tamil,live news tamil,tamilnews"
"Baat Ka Batangad,Truth,Truth Behind The Relationship,Love,Reality,Reality Behind The Relationship,Irahul Vohra,Irahul Vohra Vines,Irahul Vohra videos,Romance,Love Life,Comedy,Girl Vs Boy,Fight"
[none]
Gujrat à¤šà¥à¤¨à¤¾à¤µ à¤•à¤¾ internal à¤ªà¥‹à¤² à¤¦à¥‡à¤–à¤•à¤° à¤¹à¤¿à¤² à¤œà¤¾à¤à¤—à¥€ à¤­à¤¾à¤œà¤ªà¤¾
"usha,piriyamanaval serial,sun tv,chinnaththirai seithigal,à®šà®¿à®©à¯à®©à®¤à¯à®¤à®¿à®°à¯ˆ à®šà¯†à®¯à¯à®¤à®¿à®•à®³à¯,à®µà®¿à®œà®¯à¯ à®Ÿà®¿à®µà®¿,à®šà®©à¯ à®Ÿà®¿à®µà®¿,à®µà®¿à®œà¯‡ à®®à®•à¯‡à®¸à¯à®µà®°à®¿,vj à®®à®•à¯‡à®¸à¯à®µà®°à®¿,à®¤à¯Šà®•à¯à®ªà¯à®ªà®¾à®³à®¿à®©à®¿,à®•à®®à®²à¯,anchor mageswari,à®ªà¯Šà®´à¯à®¤à¯à®ªà¯‹à®•à¯à®•à¯,à®šà®¿à®©à®¿à®®à®¾,à®šà®©à¯ à®®à®¿à®¯à¯‚à®šà®¿à®•à¯ pd,dd,à®µà®¿à®œà®¯à¯ à®Ÿà®¿à®µà®¿ à®¤à¯Šà®•à¯à®ªà¯à®ªà®¾à®³à®¿à®©à®¿,à®µà®¿ à®œà¯† à®ªà®¿à®°à®¿à®¯à®¤à®°à¯à®·à®¿à®©à®¿,chinnathirai seithigal,poluthupokku,cenima,à®µà®¾à®´à¯à®•à¯à®•à¯ˆ,à®šà®žà¯à®šà¯€à®µà¯ à®ªà¯€à®°à¯à®¤à¯à®¤à®¿,à®šà¯€à®°à®¿à®¯à®²à¯,à®¨à®Ÿà®¿à®•à¯ˆà®•à®³à¯,à®¨à®Ÿà®¿à®•à®°à¯à®•à®³à¯,à®œà¯€ à®¤à®®à®¿à®´à¯,vj à®ªà®¿à®°à®¿à®¯à®¾,à®ˆà®¸à¯à®µà®°à®¿,à®ªà®¿à®°à®¿à®¯à®®à®¾à®©à®µà®³à¯"
"warangal diaries,latest,funny,comedy,Balajimovies,shalimar,vines,funny salesmen everywhere,funny salesmen scenes,types of salesmen,kinds of salesmen,characters of salesmen,salesmen,Hyderabadi salesmen,funny hyderabadi salesmen,funny hyderabadi,hyderabadi comedy,salesmen in hyderabad,warangal diaries new video,warangal diaries latest video,nabeel afridi,salesmen everywhere,salesmen everywhere in india,funny salesmen"
"TOP10STAR,TOp 10 STAR,8 Bollywood Actresses who become early age moms before Turning 30!,Bollywood Actresses who become moms,early age moms,before Turning 30!,Actresses beacome mom before 30 age,before 30 age,Bollywood,Actresses,early age,Kajol,dimple kapadia,twinkle khanna,Mira rajput,Actresses moms,early moms,young mother,early mother,Mother before 30 age,mother,Bollywood mom"
"IT Raid,Income tax raid,Sasikala and family,Vivek Jeyarajam,Elavarasi,Sudden income tax raid at sasikala place,JV Breaks,Junior vikatan breaks,vikatan,vikatan webtv"
"iphone x,iphone 10,iphone vs note"
"Cinema Politics,Latest Videos,Latest Gossips,jagan,ys jagan,ap,andhra pradesh,ap assembly live,ap assembly,ap assembly sessions,ap assembly budget,ap assembly budget sessions,chandrababu,chandrababu naidu,jagan speech,ys jagan speech,jagan in assembly,ys jagan assembly,amaravati,velagapudi,ap new assembly,Assembly,Vishnu Kumar Raju,Mla Vishnu Kumar Raju,politics,amaravathi,andhra pradesh assembly,praja sankalpa yatra,padayatra,winter session"
"Bigg Boss kannada 5 Grand Opening,Bigg Boss kannada 5,Bigg Boss kannada 5 opening,Bigg Boss 5 opening sudeep,bigg boss kannada season 5 contestants list,bigg boss kannada 5 contestants,bigg boss kannada 5 audition,bigg boss kannada,bigg boss sudeep,bigg boss sudeep angry,bigg boss sudeep entry,bigg boss sudeep salary,sudeep,kannada bigg boss,kannada bigg boss season 5,bigg boss kannada elimination"
"Nakkheeranwebtv,Nakkheeran webtv,ttv thinakaran,ttv,ttv thinakaran IT raid,IT raid,it raid in jaya tv,jaya tv,it raid in chennai,it raid in 180 places,it raid in ttv house,ttv thinakaran press meet,ttv thinakaran speech,aiadmk,ops,eps,o panneerselvam,edappadi palaniswamy,admk trolls,bjp,bjp trolls,modi,dmk,bjp+dmk,modi met karunanidhi,h.raja,tamilisai,income tax raid,it raid at jaya tv premises,jaya tv premises,anuradha dinakaran,jaya tv it raid"
"mor music company,mor music,mor haryanvi,new comedy,new haryanvi comedy,haryanvi comedy 2017,latest comedy,desi comedy,dehati comedy,vijay varma,shikha raghav,andy dahiya,new haryanvi video,2017 new comedy,mangu ke drame,every friday,new desi comedy"
"5 amazing signs world end,amazing facts about world,amazing facts about end of the world,end of the world in tamil,major signs for world end,amazing science facts,world fact tamil,Earth fact tamil"
"à¤•à¥à¤‚à¤­ à¤°à¤¾à¤¶à¤¿,Astro,rashi,à¤•à¥à¤‚à¤­,jansatta"
"Ippadai Vellum,Ippadai vellum review,Ippadai vellum movie review,Movie review iPPADAI Vellum,Tamil Movie review Ippadai Vellum,Tamil New Movie Review,Udhayanidhi Stalin Movie Ippadai,Ippadai movie dumbest review,Ippadai Vellum smile settai review,Ipadai velum smile settai review,Smile settai dumbest review,Ippadai Movie review,Ippadai Review,Tamil Movie Ippadai Vellum"
[none]
"à²…à²—à³à²¨à²¿à²¸à²¾à²•à³à²·à²¿ à²¸à³€à²°à²¿à²¯à²²à³ à²®à²¾à²¯à²¾ à²¤à²¾à²¯à²¿-à²•à³‚à²¡,Agnisakshi Serial Maya,Agnisaksh,maya,chandrika,voot,bigg boss,colors kannada,Agnisakshi Serial Maya Mother Famous,à²…à²—à³à²¨à²¿à²¸à²¾à²•à³à²·à²¿ à²§à²¾à²°à²¾à²µà²¾à²¹à²¿ à²…à²­à²¿à²®à²¾à²¨à²¿à²—à²³à²¿à²—à³† à²¬à³†à²šà³à²šà²¿ à²¬à³€à²³à³‹ à²¸à³à²¦à³à²¦à²¿ à²•à³Šà²Ÿà³à²Ÿ à²¸à²¿à²¦à³à²¦à²¾à²°à³à²¥à³,agnisakshi kannada serial yesterday episode,agnisakshi serial,agnisakshi kannada serial,anjali,sandalwood news,agnisakshi,sannidhi,vijay surya hero kannada,trending news,news in kannada,viral videos,kiccha sudeep,agnisakshi news"
"Flipkart Billion Capture+,Flipkart Billion Capture+ Unboxing,Flipkart Billion Capture+ review,Flipkart Billion Capture+ India,Flipkart Billion Capture+ price,Flipkart Billion Capture+ camera,Flipkart Billion Capture+ features,Flipkart Billion Capture+ hindi,Flipkart Billion Capture+ vs Xiaomi Mi A1,Xiaomi Mi A1 killer,Flipkart Billion Capture+ vs g5s plus,flipkart phone,billion phone,made in india,xiaomi killer,flipkart phone unboxing"
"Demonetization song,Demonetization anthem,#DemonetizationAnthem,Demonetisation Anthem,STR Song,STR Demonetisation song,Simbhu Demonetization song,STR demonetisation songs,STR Album,Thatrom Thookurom anthem,Thatrom Thookuram,STR Beep song,Simbu demonetisation song,Sinbhu song demonetisation,Simbu new song,Simbhu anthem,Simbhu demonetisation anthem,No cash song,Simbhu No cash song,STR Demonetization songs,Simbu songs"
"tamil cinema review,tamil cinema review prashanth,tamil cinema review prashanth latest,itisprashanth review"
"Kumar Films,Punjabi Movies,Latest Punjabi Movies,ravneet singh,jattan wale gaane,jattan,gaane,parmish verma,ravneet,singh,jattan wale songs,jatt songs,jatt,songs"
"Kundali Bhagya,Kundali Bhagya Location Shoot,Kundali Bhagya Episode,Kundali Bhagya News,Abhi and Pragya,Kundali Bhagya Updates,Zee Tv,Indian Drama,Indian Serial,Indian Show,Hindi Drama,Kundali Bhagya Scenes,sriti jha,shabbir ahluwalia,Shraddha Arya,Dheeraj Dhoopar,Preeta And Karan Kissing Romance Scenes,Kundali Bhagya 10th November 2017,Shrishti And Karan,Preeta And Rishab,Kundali Bhagya Full Episode 10th November 2017"
"amaravathimedia,YS Jagan Padayatra,YS jagan Praja sankalpayatra,YS jagan Padayatra Latest News,YS Jagan Padayatra Schedule,YS Jagan Padayatra Highlights,EX MP Undavalli Arun Kumar,EX MP Undavalli to join YCP,YSRCP,YS Jagan Padayatra special,AP Politics,EX MP Undavalli comments on CM Chandrababu Naidu,Undavalli Arun Kumar Speech,Undavalli Arun Kumar Interview,Undavalli Arun Kumar to Join YCP,Undavalli demand on Polavaram,#YS Jagan"
"zee telugu,Muddha Mandaram,full episode,telugu,show,serial,daily soap,ozee,watch online,television"
"aajtak,aaj tak,aaj tak videos,aajtak news,hindi news,news video,latest news,aajtak tv,aajtak channel news,à¤†à¤œ à¤¤à¤•,gujarat elections,bjp,congress,gujarat,gujarat assembly elections,gujarat elections 2017,rahul gandhi,breaking news,pm modi,narendra modi,gujarat polls,modi,news,gujarat election 2017,gujarat news,elections,politics,india,gujrat election,gujarati news,hardik patel,india news,à¤•à¤¾à¤‚à¤—à¥à¤°à¥‡à¤¸,top news"
"Put Chutney,Put,Chutney,South Side Stories,South,India,Demonetization,Narendra Modi,Namo,Common Man,Public Servicee,Citizen of India,Live News,Latest Trailers,Aadhar Card Scam,digital India,Modi Speech,Common Man Questions Modi,Badhil Kelvigal,Tamil News,Latest News,Latest Trailer,Addhar Card,pm modi,note ban,congress,breaking news,india news,narendra modi,kavita,demonetisation youtube,demonetisation comedy"
"latest news in malayalam,malayalam news,malayalam news live,asianet,asianet news,Latest malayalam news,RSS worker,hacked to death"
[none]
"zee tv,Kundali Bhagya,full episode,hindi,show,serial,daily soap,ozee,watch online,television"
"tona totka,tone,laal kitaab,lal kitaab,pandit ji talk,chamatkari samsya,chamatkari upay,à¤˜à¤° à¤®à¥‡à¤‚ à¤šà¥à¤ªà¤šà¤¾à¤ª à¤¯à¤¹à¤¾à¤ à¤°à¤– à¤¦à¥‡ à¤à¤• à¤²à¥Œà¤‚à¤—,à¤‡à¤¤à¤¨à¤¾ à¤¬à¤°à¤¸à¥‡à¤—à¤¾ à¤ªà¥ˆà¤¸à¤¾ à¤•à¤¿ à¤†à¤ª à¤¸à¤‚à¤­à¤¾à¤² à¤¨à¤¹à¥€à¤‚ à¤ªà¤¾à¤“à¤—à¥‡,ayurvedic,ayurevda,home treatment,home remedies,gharelu nuskhe"
"Dialogue Promo,Shaadi Abhi Baaki Hai,Waqt Itna Bhi Song,Jab Tum Male Version,Shaadi Abhi Baaki Hai Movie,Shaadi Abhi Baaki Hai Songs,Ji Ne Meriye song,Zee Music Company,latest songs,new songs,new movie songs,hindi songs,superhit songs,zee music hit songs,party songs,romantic songs,love songs,latest bollywood movies,Bollywood movie songs,Shaadi Abhi Baaki Hai songs,Shaadi Abhi Baaki Hai movie songs,zee music company"
"aromalar,trollrepublic,trollmalayalam,trollvideos,funnyvideos,aromaltroll,trollaromal"
"Malayalam 2017 songs,Malayalam latest music,Malayalam Short Films,Best Malayalam Short Films,Best Short Films,Malayalam Short Movies,Anna,Anna Short Film,Anna Malayalam Short Film,Romantic Short Films,Romantic Malayalam Short Films,Love Story,Malayalam Love Stories,Eldhose Lomy"
"Shri Devkinandan ji,à¤¦à¥‡à¤µà¤•à¥€à¤¨à¤‚à¤¦à¤¨ à¤œà¥€ à¤®à¤¹à¤¾à¤°à¤¾à¤œ à¤•à¥€ à¤•à¤¥à¤¾,Shrimad Bhagvat katha Audio,shrimad bhagvat katha,thakur ji ke bhajan mp3"
[none]
"Chirravuri,Foundation,telugu devotional,chirravuri foundation,jayam,lakshmi,pooja,puja,bhakti,deepam,usiri,vusiri,panchamgam,karthika masam,sri chirravuri jayam,problem,pravachanam,problems,solution,ism,om,astrology,money,family problems,speech,jathakam,archana,devi,remedies,lakshmi devi,telugu astrology,upload,hindu,spiritual,latest,chirravuri krishna kishore,krishna kishore,healing,tips,mantra,new,health problems,chirravuri remedies,garikapati,hinduism,friday,rich,riches"
"shaadi mein zaroor aana,rajkummar rao,kriti kharbanda,shaadi mein zaroor aana songs,zee music company,arre,arre videos,arre funny videos,funny videos,arre comedy videos,shadi mein zaroor aana arre video,arre rajkummar rao,arre kriti kharbanda,new bollywood movies,new r rajkummar rao movies,rajkummar rao new movie,rajkummar rao kriti kharbanda,new upcoming movies,the pallo song,pallo latake,the paloo song,Every Arranged Marriage Ever"
"Athadu Aame (He & She),Latest Telugu Comedy Web Series,Season 3,Episode 3,Chandragiri Subbu,Shh! Oka Secret Cheptha,Athadu Aame Web Series,Athadu Aame Comedy Web Series,Athadu Aame Latest Telugu Web Series,Athadu Aame Telugu Comedy Web Series,Web Series,Telugu Web Series,Latest Telugu Web Series,Comedy Web Series,Latest Comedy Web Series,Funny Web Series,Comedy Videos,Latest Comedy Videos,Latest Funny Videos,Telugu Comedy Videos"
[none]
"à²¨à²®à³à²® à²•à²¨à³à²¨à²¡ à²Ÿà²¿.à²µà²¿. Namma Kannada TV,Sandalwood Latest News,Kannada Latest News,Kannada Movies 2017,à²—à³Šà²¤à³à²¤à²¿à²²à²¦à³† 2 à²µà²°à³à²· à²ªà²¿à²¶à²¾à²šà²¿ à²œà³Šà²¤à³† à²¸à²‚à²¸à²¾à²° à²®à²¾à²¡à²¿ à²®à²—à³ à²•à³‚à²¡ à²®à²¾à²¡à²¿à²•à³Šà²‚à²¡,kannada unknown facts,men with pisachi,2 years,interesting facts,kannada tv"
[none]
"All India Bakchod,AIB,AllIndiaBakchod,Tanmay Bhat,Gursimran Khamba,Rohan Joshi,Ashish Shakya,AIB latest video,AIB new video,Comedy,Sketch Comedy,Sketch,Funny,Indian comedy,Funny Video,Bollywood,dil wale dulhaniya le jayenge,Dangal,Dil Chahta Hai,Rock On,Zindagi Na Milegi Dobara,Kabhi Khushi Kabhi Gham,Race,Dhoom,Dhoom 2,Dhoom 3,Hum Saath Saath Hai"
"sharry mann,sharry mann new song,sharry mann cute munda,sharry mann latest song,sharry mann punjabi song 2017,parmish verma,parmish verma new song,parmish verma sharry mann,parmish verma sharry mann new song,parmish verma cute munda,new punjabi song 2017,punjabi song 2017,parmish verma new song 2017,parmish verma latest song 2017,punjabi songs 2017"
"à¤ªà¥€à¤°à¤¿à¤¯à¤¡à¥à¤¸ à¤•à¥‡ à¤¸à¤®à¤¯,à¤ªà¥‡à¤Ÿ à¤ªà¤° à¤ªà¤¤à¤¿ à¤•à¤°à¤¤à¤¾ à¤à¤¸à¤¾,à¤¦à¥‡à¤–à¤•à¤° à¤¦à¤‚à¤— à¤°à¤¹ à¤œà¤¾à¤¯à¥‡à¤‚à¤—à¥‡,latest news,today news,news,breaking news,current news,world news,hj news updates,bollywood updates,news channel in hindi,entertainment news,merrage,love,break up,perideus time,pragenent girl,baby born"
"Filmylooks,latest news,telugu movies,telugu news,Tollywood news,why Samantha became EMOTIONAL @ Samantha naga chaithanya marriage Reception,why Samantha became EMOTIONAL,samantha emotional moment,ChaySam Wedding Reception video,Naga Chaitanya and Samantha Wedding Reception LIVE,samantha ruth prabhu"
"Car,Couple,Couple Goals,Planing to buy a new car,Zoom Car,New Cars,Inmates,Couple fights,Wedding,Wedding Planing,Mehendi Design,Wedding Shopping,Shaadi,Marriage,Best Friend,Roomates,Girlfriend,Boyfriend,Fiance,Sangeet,Future Planning,EMI,Car EMI,Buying Car Tips,Humour,Funny Video,LOL,Comedy,Sketch,Listicle"
"Chiranjeevi in Naga Chaitanya - Samantha Reception , Chaitanya,Samantha Akkineni,Nag,Venkatesh,Megastar Chiranjeevi,Megastar Chiranjeevi @ #ChaySam Wedding Reception,Chiranjeevi @ #ChaySam Wedding Reception,Naga Chaitanya - Samantha Akkineni Reception LIVE,Naga Chaitanya,Samantha,Naga Chaitanya Samantha,Nagarjuna,#ChaiSam,Reception LIVE,Akkineni Reception,chiranjeevi rama charan,naga chaitanya samantha wedding reception,Akkineni family,Daggubati family,reception"
"Pradeep Machiraju,Anchor Pradeep,pradeep machiraju,konchem touch lo unte chepta,konchem touch lo unta season 3,konchem touch lo unte cheputha latest episode,KTUC 3,KTUC Season 3,Konchem Touch Lo Unte Chepta Season 3 - Akkineni Nagarjuna,Karthi Promo,Khakee movie,Khakee movie trailer,Khakee movie songs,KTUC Karthi Promo,KTUC Karthi Rakul preeth singh promo,konchem touch lo unte cheputha karthi"
"Stylish Star Allu Arjun @ ChaySam Wedding Reception,Stylish Star Allu Arjun,ChaySam Wedding Reception,nagachaitanya,samantha,chaysam,chay sam,naga chaitanya and samantha wedding reception,wedding reception,nagarjuna,akkineni wedding reception,tfpc,telugu cinema,celebrities @ chaysam wedding reception"
"abn telugu news,abn andhrajyothy,abn andhrajyothy news,telugu news channels,live news channels,abn live news,abn news online,Telugu News,telugu news online,live tv channels,telugu news live,telangana"
"Natural Star Nani REAL Behaviour Will SHOCK You,Naga Chaitanya Samantha Reception Video,NewsQube,Nani,Nani Real Behaviour Will Shock You,Nani Behaviour Will Shock You,Nani at Samantha and Naga Chaitanya Reception,Nani at Samantha and Naga Chaitanya Wedding Reception,Samantha and Naga Chaitanya,Samantha and Naga Chaitanya Reception,Samantha and Naga Chaitanya Wedding Reception,Samantha and Naga Chaitanya Reception Video,Samantha and Naga Chaitanya Wedding Reception Video"
"punjabi songs,punjabi bhangra,punjabi music,punjabi bhangra music,punjabi latest songs,punjabi romantic songs,punjabi sad songs,punjabi,bhangra,latest punjabi songs 2017,punjab,desi,speed records,mankirt new song,daang,sukh sanghera,deep kahlon,mankirt aulakh"
"Gujarat Assembly Elections,Gujarat Elections,Gujarat Assembly Polls,Gujarat Polls,Gujarat Vidhansabha Election,Gujarat Elections 2017,BJP,Congress,Gujarat News"
"billion capture +,billion capture plus,flipkart smartphone,flipkart billion phone,flipkart phone,billion capture + unboxing,flipkart android phone,flipkart billion capture plus,flipkart bilion,Billion Capture+,Flipkart Billion Capture+,igyaan exclusive,flipkart billion capture,unboxing and hands on,review,made in india,Smart Phone,Hands on Overview,Technicalguruji,technical guruji,gaurav chaudhary,Hands on"
"Eruma Saani,Tamil Comedy Videos,Films,Movies,Harija,Short,Film,Eruma Sani,Eruma Saani Videos,Eruma Saani Short Film,Eruma Saani Comedy,Eruma Saani Harija,Eruma Saani Tamil vs English,Tamil vs English,Tamil,English,Hindi,TTV Dinakaran,Sasikala,Sasikala income tax raid"
"Asianet comedy awards 2017,comedy awards 2017,jagadeesh,rimi tomy,pisharadi,dharmajan,comedy show,comedy stars,best comedy,malayalam movie comedy,malayalam cinema,film awards,asianet comedy awards,comedy awards,jayaram,ACA,kunchacko boban,kunchacko boban dubsmash,kunjackoboban singing,vijay yesudas,kunchakko boban wife,asianet comedy,suraj,comedy skit,kunchakko rimi"
"deivamagal,deiva magal,deiva magal serial,VikatanTV,deivamagal episode today,deivamagal today,deivamagal today episode,deivamagal episode 1388,deivamagal 14 November 2017,deiva magal serial 14.11.17,deiva magal episode 1388,à®¤à¯†à®¯à¯à®µà®®à®•à®³à¯,devamagal,deivamagal episode,deviamagal,deivamahal,devaimagal,divamagal"
[none]
"flat,girls,women,flatmates,fight,love,hate,group,mostlysane,nidhi bisht,food,foodporn,money,srishti"
"Nakkheeranwebtv,Nakkheeran webtv,sasikala raid,sasikala family raid,it raid,ttv dinakaran speech,sasikala jail,aiadmk,tamil news,tamil political news,sasikala natarajan,sasikala old,jayalalitha story,poes garden house,jayalalitha sasikala,bjp,narendara modi,income tax,nakkheeran gopal new video,nakkheeran gopal about IT raid,nakkheeran gopal,nakkheeran exclusive,income tax raid,sasikala,family,friends"
"chunks honeyrose song,chunkzz video song,Ithu Nava Sumashara,Ithu Nava Sumashara video song,honey rose glamour song,chunkzz malayalam movie,Ithu Nava Sumashara honey rose,honey rose,omar lulu,gopi sundar,honey rose in chunkzz,chunks video song,chunkss video song,Ithu Nava Sumashara hone rose song,honey rose latest,gopi sundar latest,honey rose latest song,chukzz full songs,gopi sundar bgm,gopi sundar chunkzz,chunkzz movie,chunks,dq,chunkzz full songs"
"Ek Dil Ek Jaan Video Song,Ek Dil Ek Jaan,Ek Dil Ek Jaan Video,Padmavati,Padmavati songs,Padmavati movie song,deepika padukone,ranveer singh,ghoomar,padmavati song,Deepika Padukone,Shahid Kapoor,Sanjay Leela Bhansali,Padmavati Deepika Padukone,Ghoomar,Ghoomar Deepika Padukone,Padmavati Songs,new hindi songs,hindi songs,shahid kapoor,sanjay leela bhansali,indian songs,padmavati songs,love song,love song 2017,do dil ek jaan"
"radhika kumarswamy latest news,radhika joining,radhika news,radhika kumarswamy family,radhika joining a new party,j d s,radhika kumarswamy new movie updates,radhika latest news,kannada latest movie news,sandalwood reviews"
"Hina khan,Hina khan bigg boss,Bigg boss 11,Big boss,Bigg boss,Bigg boss 11 eviction,Bb 11,Bigg boss season 11,Bigg boss 11 full episode,Tellymasala,Telly masala,Telly masala latest interview,Telly masala bigg boss,Mehjabi,siddiqui,mahjabi siddiqui interview,mehjabi reveals,hina khan bigg boss 11,bigg boss 11,telly masala,tellymasala bigg boss,telly masala latest interview,bigg boss full episode"
"Mersal - Maacho lyric,Mersal,Mersal Songs,Mersal Videos,Mersal Trailers,Mersal Full Song,Mersal HD Videos,Mersal Movie Songs,Mersal Official Songs,Mersal Official Videos,Mersal Official Movie Videos,Mersal Official HD Songs,Mersal Official HD Videos,Maacho Song,Maacho Video,Maacho HD Song,Maacho HD Video,Maacho Movie Song,Maacho Movie Video,Maacho HD Movie Song Video,Maacho Official Song,tamil hit songs,Tamil love songs"
"Chiranjeevi in Naga Chaitanya - Samantha Reception , Chaitanya,Samantha Akkineni,Nag,Venkatesh,Megastar Chiranjeevi,Megastar Chiranjeevi @ #ChaySam Wedding Reception,Chiranjeevi @ #ChaySam Wedding Reception,Naga Chaitanya - Samantha Akkineni Reception LIVE,Naga Chaitanya,Samantha,Naga Chaitanya Samantha,Nagarjuna,#ChaiSam,Reception LIVE,Akkineni Reception,chiranjeevi rama charan,Akkineni family,Daggubati family,reception"
"TYPES OF STUDENTS ELVISH YADAV,elvish yadav,elvish yadav new video,elvish yadav latest video,elvish yadav vines,elvish yadav videos,students video,types of students in a class,omprakash new song,sot lagani hai,elvis yadav vines"
"Aatish new punjabi song 2017,latest punjabi songs 2017 Aatish,new punjabi songs 2017 Jannat,latest punjabi song 2017 Jannat,new songs 2017 Aatish,latest song 2017 Aatish,Aatish,punjabi songs 2017 Aatish,punjabi music videos Aatish,Jannat punjabi song 2017,new punjabi songs,latest punjabi songs,new songs,latest songs,songs 2017,punjabi,Aatish songs,Jannat by Aatish,punjabi song,whte hill,aatish taare,romantic songs punjabi"
"Jump cuts,Jumpcuts,Tamil comedy,Tamil Comedy Videos,new bike vs old bike,jumpcuts reality,the reality,bike scenario jumpcuts,jumpcuts bike story,hari baskar videos,hari baskar jumpcuts,hari baskar bike video,tamil viral videos,viral videos,trending videos,jumpcuts trending videos,swathi videos,kaghs,jumpcuts old vs new,jumpcuts tamil comedy,jumpcuts youtube channel,hot story jumpcuts,hot scenario"
"IT Raid,Tamil Live News,Dhivakaran,Jaya Tv,Raid At Jaya TV,vivek jayaraman,Sasikala Family Raid,Puthiya Thalaimurai,jazz cinemas sasikala,puthiya thalaimurai news today morning,tamil latest news,Tamil News Today,sun news today 7.30pm,Nerpada Pesu,TTV Raid,Vivek,IT Dept Raids,Krishnapriya"
"Nagarjuna Funny Comments on Samantha Dress,Naga Chaitany Samantha Akkineni Wedding Reception 2017,nagarjuna shocking comments on samantha dress,nagarjuna funny comments,samantha dress,samantha wedding reception,samantha,dress,nagarjuna,funny,naga chaitany,naga chaitany samantha,samantha wedding,#chaisam,akkineni reception live,grand reception for #chaysam,samantha akkineni,naga chaitanya,akkineni naga chaitanya,samantha marriage video"
"seeman,seeman interview,madras central,paridhabangal,gopi,sudhakar,gopi sudhakar,madras central videos,seeman speech,seeman controversy,naughty nights,black sheep,seeman spoof,smile settai,beep show,gopi seeman,gosu,GOSU,gopi black sheep,seeman black sheep,seeman madras central,madras central gopi,madras central sudhakar,half boil,seeman naughty nights,naughty nights gopi,gopi naughty nights,naughty nights new,black sheep new"
"Vivek Bindra,Case Study by Vivek Bindra,Leadership Trainers in India,Best Motivational Speaker in India,Business Training,Indian Rich List,Entrepreneurship,SME,Corporate Training,Best Corporate Trainers in India,Leadership Skills,Leadership Funnel,Acharya Balkrishna,Baba Ramdev,Patanjali,Dabur,HUL,P&G"
"Nenu Local,Nenu Local Telugu Movie,Nani,Sai Pallavi,Dil Raju,Devi Sri Prasad,Telugu Latest Movies,Telugu Full Movies,Telugu Comedy Movies,Nani Trailer,Nani Movies,MCA MOVIE,Middle Class Abbayi,MCA,MCA - Middle class abbayi,Fidaa,Nani MCA,MCA Trailer,MCA Teaser,MCA First Look,Nani MCA Teaser,Nani MCA Trailer"
"nextgen,sasikala,sasikala natarajan,aiadmk,tamil nadu,jayalalithaa,jayalalitha,tamil news,apollo hospital,sasikala pushpa,it raid,sasikala family,income tax raid,latest tamil news,latest news,politics,tamil news today,ops,tamilnadu,admk,youtube,news in tamil,tamil nadu cm,tamil,vivek,vivek jayaram,jayalalitha uyil,apollo cd it raid"
"flowers tv,uppum mulakum,uppum,biju sopanam,Balanchandran,Neelima,juhi rustagi,flower tv comedy,flower tv malayalam,balanchandran,entertainment,best comedy serial malayalam,s p sreekumar,college campus comedy,marimayam,sneha sreekumar,programme,moosa,m80 moosa,funny,flower tv comedy night,malayalam comedy,+uppum mulakum"
"Vaani rani,rani,Radhika in funny character,venu aravind,SunTV,VaniRani,vani,vaani,Radhikas dual role serial,Ranimma veetu kuripu,Radhika as lawyer in serial,radikaa,rathika,Radhikas new"
"tv9,HD TV9,tv9 live,TV9 Telugu HD,TV9 News HD,HD Breaking News,Live TV9 HD,tv9 news,tv9 telugu,tv9 ap,tv9 breaking news,tv9 youtube,tv9 online,Tv9 HD,https://youtu.be/zFrllD9D9HM,mahesh kathi,pawan kalyan,hyper adhi,hyper adhi punches"
"Sir post,EPS TRoll,Smile settai letter to EPS,smile settai sir post to eps,Cartoonist Bala,Cartoonist bala arrest,Smile settai troll video,Settai night latest,Sir post latest,#SirPost,Cartoonist arrest in TN,Cartoonist bala cartoon,Bala cartoon,TN CM EPS,Smile settai latest video"
"Prank Call,Funny Reactions,Pranks In India 2017,comedy video,meri setting karade live,Bhai meri bhi setting karwa funny video,tst rahul,tst rahul prince,Pranks in India,Prank on Girls,girls in love,love,friendship,dost,relationship,tst latest video,pranks,pramk on girls,funny,TroubleSeekerTeam,prank on girls,best prank on girls,best girl pranks,girl pranks,tst girls prank,indian prank,language in india,indian pranks,best indian prank,comedy"
"tamil news,tamilnadu politics comedy,tamil political speech,tamil political fight,latest tamil news,tamil news today,tamil news online,newsglitz,nakkeeran gopal interview,nakkeeran gopal latest interview,nakkeeran gopal speech,nakkeeran gopal speech about jayalalitha,nakkeeran on raid,nakkheeran about sasikala,sasikala raid,sasikala latest"
"zameer,zameer harsimran,zameer aarsh benipal,harsimran songs,aarsh benipal,harsimran new song,aarsh benipal new song 2017,song teaser,aarsh benipal harsimran,latest punjabi songs,harsimran,new punjabi song teaser,song teaser 2017,punjabi song teaser,zameer punjabi song,arsh benipal songs,zameer songs"
"asli fighter,asli fighter (okka ammayi thappa) 2017 hindi dubbed,okka ammayi thappa full movie hindi dubbed,sundeep kishan movies in hindi dubbed,ravi kishan south movie in hindi,nithya menon movies hindi dubbed,nithya menen,ravi kishan,rahul dev,south indian movies dubbed in hindi full movie 2017 new,latest hindi dubbed movies 2017,new release south indian movies dubbed in hindi 2017,latest 2017 south indian movies dubbed in hindi"
"the voice of india,TVOI,the voice of india kids,audition,singers,singing talent,kids voice,kids singing,kids talent,Talpa media,AndTV,&TV"
[none]
"fire in annapurna studios,annapurna studios,hyderabad ANRs annapurna studios,annapurna studios 7 acres,manam set got fire in annapurna studios,fire accident in annapurna 7 acres,nagarjuna response to media on f ire mishap,akkineni nagarjuna response on fire accident,set fire accident on annapurna,manam building got fire in annapurna studios,breaking news,i news telugu channel,i news telugu online,i news youtube,i news channel,I news,i news online"
"Ayurved samadhan,beauty,madhumeh,nuskha,nuskhe,gharelu upay,fat,belly fat,long hair,slim body,food,healthy food,daily routine,à¤¸à¥à¤¬à¤¹-à¤¸à¥à¤¬à¤¹ à¤…à¤œà¤µà¤¾à¤‡à¤¨ à¤•à¤¾ à¤ªà¤¾à¤¨à¥€ 4 à¤¦à¤¿à¤¨ à¤ªà¥€à¤¨à¥‡ à¤•à¥‡ à¤¬à¤¾à¤¦ à¤†à¤ª à¤–à¥à¤¦ à¤šà¥Œà¤•à¤¨à¥à¤¨à¥‡ à¤¹à¥‹ à¤œà¤¾à¤¯à¥‡à¤‚à¤—à¥‡// Ayurved Samadhan"
"last week tonight trump presidency,last week tonight donald trump,john oliver trump,donald trump"
"Mazhavil,Manorama,D4 Junior Vs Senior,EP 84,Appani Sarath with Jimikki Kammal"
"wwe,world wrestling entertainment,wrestling,wrestler,wrestle,superstars,à¤•à¥à¤¶à¥à¤¤à¥€,à¤ªà¤¹à¤²à¤µà¤¾à¤¨,à¤¡à¤¬à¥à¤²à¥‚ à¤¡à¤¬à¥à¤²à¥‚ à¤ˆ,à¤®à¥ˆà¤š,à¤¸à¥à¤ªà¤°à¤¸à¥à¤Ÿà¤¾à¤°,à¤µà¥à¤¯à¤¾à¤µà¤¸à¤¾à¤¯à¤¿à¤• à¤•à¥à¤¶à¥à¤¤à¥€,Ù…ØµØ§Ø±Ø¹Ù‡,Raw,Stephanie McMahon,Kurt Angle,Roman Reigns,Dean Ambrose,Seth Rollins,raw clips,the shield,shield returns,raw highlights,monday night raw"
"the hungama films,10 years old,pyar ho jayega on girls,10 year old picking up girls,11 year old kid picking up hot girls,kid picking up girls,picking up girls,10 years old kid prank,kid picking up girl,child picking up girls,picking up chicks,kid prank,prank in india,pranks in india 2017,indian prank,prank on girls,best pranks 2017,pranks in 2017,best pranks of 2017,prank on cute girls,prank on hot girls,prank on indian girls,hot girls prank"
"moto x4 unboxing,moto x4,moto x4 india,moto x4 hands on,noto x4 camera,moto x4 review,geekyranjit"
"tarang,tarang tv,tarang tv online,tarang tv serial,odia tarang tv serial,tarang tv show,taranga channel,tarang tv channel,odia tarang channel,odia serial,odia serial video,odia channel,odia tv channel,odia tv show,odia tv,ama ghara laxmi,ama ghara laxmi serial,ama ghara laxmi today episode,ama ghara laxmi odia serial,tarang tv serial ama ghara laxmi,ama ghara laxmi serial song"
[none]
"Tiger Zinda Hai Trailer,Tiger Zinda Hai Spoof,Tiger Zinda Hai Songs,Salman Khan Tiger Zinda Hai,Salman Khan,Katrina Kaif,salman khan songs,Tiger Zinda Hai Movie,SDE,Shudh Desi Endings"
"saas bahu beti,saas bahu aur beti,saas bahu aur betiyaan,entertainment show,TV celebs,tv shows,hindi shows,entertainment videos,celeb interviews,tv actors,tv actress,popular tv actors"
"the,screen,patti,bonnet,pe,charcha,daaru,harsh,beniwal,funny,comedy,humor,drama,sketch,zindagi,na,milegi,dobara,dil,chahta,hai,ye,jawaani,diwaani,kabira,rabish,ki,report,kyun,bane,crorepati,bade,chote"
"Short hair,hair,hairstyle,styling,long hair,tired of hearing,fashion,style,girls,women,sketch comedy,meme,funny,haha,filtercopy,filter copy,pocket aces,dice media,viral video,webseries,web series,comedy,all india bakchod,being indian,tvf qtiyapa,scoopwhoop,rajnikant vs CID jokes,RVCJ,buzzfeed,east india comedy,the virl fever,timeliners,girliyapa,netflix,BYN,ashish chanchalani,vines,screenpatti,bakchod,SIT"
"sng,comedy,vidya balan,sulu,tumhari sulu,movie,release,miracles,believe,varun thakur,bollywoodgandu,craziebawa,aadar"
"ADMK,Jayalalithaa,Sasikala,Ilavarasai,Vivek,Dinakaran,TTV"
"etvtelugu,AlithoJollygaa,comedian,scenes,videos,clips,skit,spoof,pooter,comedy,fails,HD,funny,compilation,free,full,movie,hot,latest,heroine,brahmanandam,songs,mahesh,news,live,audio,yoga,ayurveda,attack,accident,trailer,teaser,ragini mms,baahubali,galaxy,legend,ali 369 latest episode,ali 369 game show,bhale chance le,dammu game show,ali 369 hot,ali 369 all episodes,etv ali 369,ole ola,Ali tho Jallygaa,Alitho Saradaga"
"Bithiri Sathi,Bithiri Sathi Village,Bithiri Sathi Leaves Hyderabad,Bithiri Sathi On Ivanka Trump,Bithiri Sathi Changes Getup,Bithiri Sathi New Getup,Bithiri Sathi On Beggars,ghmc mayor,ghmc drive on beggars,beggars income,beggars in hyderabad,beggers in hyderabad,hyderabad begger free city,begger free city,beggar free city,beggars in city,Ivanka Trump India Tour,Ivanka Trump Hyderabad Visit,global entrepreneurship,V6 News,teenmaar News,V6 Teenmaar News"
"Tiger Zinda Hai Trailer,Tiger Zinda Hai Official Trailer,Tiger Zinda Hai Teaser,Tiger Trailer,Trailer of Tiger Zinda Hai,Salman Khan Song,Salman Khan Movie Trailer,Bollywood Trailer,Hindi Trailer,Salman Khan Tiger Zinda Hai Trailer,Trailer 2017,Most Viewed Trailer,Official Trailer 2017,Salman Katrina Movie,Salman Khan Trailer 2017,2017 Bollywood Trailer,Official Trailer Tiger Zinda Hai,Latest Movie Trailer,Salman Khan,Katrina Kaif,Vishal and Shekhar,YRF"
"Eagle Media Works,Eagle Media Works Logo,Eagle Media,Media,Subscribe,Amala and lakshmi Face to face,amala and nagarjuna first wife face to face,amala,akkineni amala,naga chaitanya mother in reception,samantha,akkineni samantha,samantha angry on chaitu mother,nagarjuna,akkineni nagarjuna,akhil,naga chaitanya and samantha reception,trending videos,gossips,viral videos,à°°à°¿à°¸à±†à°ªà±à°·à°¨à± à°²à±‹ à°¸à°®à°‚à°¤ à°ˆà°®à±†à°ªà±ˆ à°•à±‹à°ªà±à°ªà°¡à°Ÿà°‚ à°®à±€à°°à± à°—à°®à°¨à°¿à°‚à°šà°¾à°°à°¾,Samantha Gets Angry in Reception"
"Sun TV Tamil serials,Vamsam (TV Program),Vamsam Tamil Serial,Vijayakumar (Film Actor),à®µà®®à¯à®šà®®à¯,Vasam serial,Sun TV Serial,Sun TV Vamsam,vamsam latest episode,Vamasam,Vamsam Todays episode,Vision Time tamil,Vamsam1333 Tamil family drama,Tamil Serials,Visiontime,Tamizh soaps,Vamsam 1333,vamsam episode 1333,vamsam 13 11 2017,1333 Vamsam,Vamsam,Episode,1333"
"rowi na,nadha virender,prabh grewal,latest punjabi songs 2017,new punjabi songs 2017,best punjabi songs 2017,brand new punjabi songs,punjabi songs,punjabi,songs,new,latest,rowi,na,nadha,birender,parmish verma,parmish,punjabi sad songs,punjabi love songs,punjabi romantic songs,new punjabi sad song,sad song,best sad songs,best song of the week"
"CID,Shivaji Satam,Aditya Srivastava,Dayanand Shetty,Hrishikesh Pandey,ACP Pradyuman,Inspector Abhijeet,Doctor Salunkhe,Sony PAL,Sony LIV,Indian TV Serial,Indian Soaps,SET India,Crime Patrol,adaalat,sony pal show,sony,cid episode,SET,CID 2017,CID new episode,Purvi CID,Abhijeet CID,watch cid online,watch cid for free,investigation,cid ep1217,CID 1217,dead pilot"
"november 2017 current affairs,november,november 2017,current,affairs,current affairs,study iq,studyiq,study,iq,best,gk,general knowledge,general,knowledge,static,static gk,upsc,ssc,cgl,chsl,lic,ldc,mts,ibps,po,clerk,sbi,up,pcs,psc,mp,andhra,telangana,2017,2018,2019,2020,clat,bba,exam,exams,top,read,for,to,on,at,from,hindi,in hindi,english,current affairs 2017,issue,debate,discussion,uppsc,uppcs,mppsc,cgpsc,tpsc,tspsc,appsc,mpsc,ras,rpsc,reet,jssc,ssc cgl,ssc ldc,steno,the"
"Moviebuff,Moviebuff Sneak Peek,MBSneakPeek,Tamil Movie,Tamil Movie Trailer,Tamil Movie Teaser,New Tamil Movie 2017,En Aaloda Seruppa Kaanom,EASK,en aaloda seruppa kaanom teaser,en aaloda seruppa kaanom trailer,en aaloda seruppa kaanom promo,en aaloda seruppa kaanom songs"
"Saravanan Meenatchi,Saravanan Meenakshi,SM,Family Drama,Soap,Teacher,love,romance,marriage,vows,Vijay TV,Star VIjay,Vijay,Star Vijay TV,Fiction,Serial,Thamizh,Soundharya,Rajasekar,Sharadha,Kuyili,Sudha,Ramya,Maggi,à®•à®¾à®¤à®²à¯,à®•à®²à¯à®¯à®¾à®£à®®à¯,à®šà®°à®µà®£à®©à¯,à®®à¯€à®©à®¾à®Ÿà¯à®šà®¿,à®šà®£à¯à®Ÿà¯ˆ,à®¤à®®à®¿à®´à¯,à®¨à¯†à®Ÿà¯à®¨à¯à®¤à¯Šà®Ÿà®°à¯,à®µà®¿à®œà®¯à¯,à®Ÿà®¿à®µà®¿,à®¤à¯Šà®²à¯ˆà®•à¯à®•à®¾à®Ÿà¯à®šà®¿,Tamil TV,Tamil Shows,Redefining Entertainment,promo,rakshitha,kavin,RIO,VJ"
"Genes,Genes Show,Genes Videos,Genes Telugu Show,Genes Entertainment Show,Genes Latest Video,Genes New Video,Genes Latest Videos,Genes Telugu Videos,Suma Entertainement Show,Suma Comedy With Stars,Genes Tollywood Game Show,Genes Latest Promo,Telugu Latest Shows,Latest Promos,Telugu Promos,Suma Fun at Genes,Suma Punches,Suma Counter,Suma Funny Punches,Yadammaraju"
"sdi,islam,preacher,sunni,sunni ijtema,ijtema 2017,Final Day,27 Annaul Ijtema"
"so effin cray,so effin cray latest,iphone x,iphone prank,iphone x in india,pranks in india,best pranks in india,iphone 8,iphone 8 plus,funny video,funny videos whatsapp,whatsapp funny,pranks in india 2017,so effin cray pranks,cheater girlfriend prank,how to get a hot girlfriend,so effin cray videos,kiss and run prank,prank on girls"
"namma karunaadu,namma karunadu,à²¸à²°à²¿à²—à²®à²ª,Rajesh Krishnan,Rajesh Krishnan left Zee Kannada,Zee Kannada Sa ri ga ma pa,Sa ri ga ma pa show,Rajesh Krishnan left Sa ri ga ma pa show,Rajesh Krishnan Sa ri ga ma pa show,Rajesh Krishnan leaving Sa ri ga ma pa,Rajesh Krishnan song in Sa ri ga ma pa"
SHANtell martin
"dreams n beyond,dreamsnbeyond,ranjith shankar,Punyalan Private Limited,Punyalan Private Limited Official Teaser 2,punyalan private limited trailer,jayasurya,aju varghese,punyalan 2 trailer,punyalan kalippu teaser,punyalan 2 teaser,punyalan 2 teaser trailer,punyalan private limited,punyalan 2 official trailer,punyalan private limited movie,punyalan private limited theatrical trailer,punyalan private limited official trailer,punyalan 2,punyalan agarbatis,dq,new"
"à°«à°‚à°•à±à°·à°¨à± à°šà°¿à°µà°°à°²à±‹ à°°à°¾à°¨à°¾ à°¸à°®à°‚à°¤ à°¨à°¿ à°Žà°²à°¾ à°†à°¡à±à°•à±à°¨à±à°¨à°¾à°¡à±‹ à°šà±‚à°¡à°‚à°¡à°¿,Rana Fun With Samantha At Her Wedding Reception,samantha,Naga Chaitanya - Samantha Akkineni Reception LIVE,Naga Chaitanya,Naga Chaitanya Samantha,Nagarjuna,#ChaiSam,Rana Daggubati,Malavika Daggubati,Sam Chay Reception,Daggubati Family at Sam Chay Reception,Samantha Wedding reception,Samantha Naga Chaitanya Reception,Daggubati Family at samantha naga chaitanya Reception,celebrrities at sam and chai wedding"
"etv Plus,etv comedy show,3 Idiots,anchor ravi,Chinnadana Neekosam,express raja,hungama,Kick,Nandini Vs Nandini,Pataas,jabardasth,extra jabardasth,naga babu,roja,anchor anasuya,pove pora,comedy short films,yadamma raju,chalaki chanti,sudigali sudeer,anchor suma,comedy show,anchor sreemukhi,comedy skits in telugu,telugu comedy tracks,racha ravi,allare allari,sardaga kasepu,ejunction,anchor pradeep,pataas punches,anchor vishnupriya,getup srinu"
"the daily show,trevor noah,daily show with trevor noah,new trevor noah show,comedy central politics,the daily show episodes,How the Right Politicized Roy Moores Sexual Misconduct,sexual assault,Republicans,late night talk show hosts,comedy central,stand up comedy,comedians,comedy central comedians,comedy,funny,comedian,funny video,comedy videos,stand up videos,funny jokes,funny clips,hilarious videos,hilarious clips"
"Rana hungama at #ChaySam Wedding Reception , TV9"
"sjlovesjewelry,shreya jain,indian beauty guru,indian makeup guru,indian vlogger,Indian Bridal Makeup Tutorial , Lots Of Tips & Tricks! , Shreya Jain"
"extreme,danger,fall,cliff,comedy,stupid,thalliwell"
"gossips,gossip adda,tollywood,tollywood news,tollywood updates,à°¸à°®à°‚à°¤ à°† à°¡à±à°°à°¸à± à°¤à±‹ à°¤à°¨ à°ªà°°à±à°µà± à°Žà°²à°¾ à°¤à±€à°¸à±à°•à±à°‚à°¦à±‹ à°šà±‚à°¡à°‚à°¡à°¿,à°¸à°®à°‚à°¤,à°† à°¡à±à°°à°¸à± à°¤à±‹,à°¤à°¨ à°ªà°°à±à°µà±,à°Žà°²à°¾,à°¤à±€à°¸à±à°•à±à°‚à°¦à±‹,à°šà±‚à°¡à°‚à°¡à°¿,Samantha Naga Chaithanya Wedding Reception,Samantha Naga Chaithanya Wedding,Chaitanya,Samantha Akkineni,Naga Chaitanya - Samantha Akkineni Reception LIVE,Naga Chaitanya,Samantha,Naga Chaitanya Samantha,Nagarjuna,Akkineni Reception,chiranjeevi rama charan,Akkineni family,Daggubati family"
"YASHWANT SINHA,GST,NOTEBANDI,RENT,TAX,NITISH KUMAR SPEECH,BIHAR VIDHANSABHA,MAHAGATBANDHAN,SHARAD YADAV,TEJASWI YADAV,RJD LEADER TEJASHWI YADAV BEST SPEECH,BIHAR YATRA,LALUS RALLY,LALU YADAV MAHARALLY,PATNA,LALU YADAV BIG RALLY,LALU RALLY,MODI GOVERNMENT,COW,MEAT,BEEF,RSS,MOB LYNCHING,DELHI,MUSLIM,JANTAR MANTAR,PM MODI,DELHI GOVERNMENT,LOKSABHA,RAJYASABJHA"
"hindi tv serial,set india,sony set serials,childrens day special,celebrate childrens day,childrens day videos,videos for kids,the kapil sharma show,khajoor from kapil sharma,fun with khajur,abhishek bachchan,aishwarya rai bachchan,khajur bachchan,kapil sharma funny videos,khajur funny videos,khajur special,khajur vs mayur,khajur running coach,manoj bajpayee,special clips,Childrens Day with Khajur,khajur with varun,khajur fools john"
"Naga Chaitanya,Naga Chaitanya mother,mother,lakshmi,naga chaitanya mother lakshmi,Lakshmi Daggubati,Samantha,Samantha emotional,Samantha smile,smile,Samantha Naga Chaitanya,Samantha Naga Chaitanya Wedding,Wedding,Wedding Reception,Reception,hyderabad,akkineni,akkineni family,nagarjuna wife,amala,akkineni amala,samantha naga chaitanya marriage,marriage,samantha marriage,samantha akkineni,samantha family,family,tollywood,movies,telugu movies,celebs"
"Hindi Khabar,UttarPradesh,Uttrakhand,BundelKhand,AtulAgrawal,DigitalMedia,UP,Yogi Adityanath,Yogi Sarkar,à¤…à¤–à¤¿à¤²à¥‡à¤¶ à¤¯à¤¾à¤¦à¤µ,à¤®à¤¾à¤¯à¤¾à¤µà¤¤à¥€,à¤¯à¥‹à¤—à¥€ à¤†à¤¦à¤¿à¤¤à¥à¤¯à¤¨à¤¾à¤¥,à¤¬à¥€à¤œà¥‡à¤ªà¥€,à¤¸à¤ªà¤¾,à¤¬à¤¸à¤ªà¤¾,à¤•à¤¾à¤‚à¤—à¥à¤°à¥‡à¤¸,à¤•à¥‡à¤¶à¤µ à¤ªà¥à¤°à¤¸à¤¾à¤¦ à¤®à¥Œà¤°à¥à¤¯,à¤¡à¥‰. à¤¦à¤¿à¤¨à¥‡à¤¶ à¤¶à¤°à¥à¤®à¤¾,à¤²à¤–à¤¨à¤Š,à¤—à¥‹à¤°à¤–à¤ªà¥à¤°,à¤µà¤¾à¤°à¤¾à¤£à¤¸à¥€,à¤¹à¤¿à¤¨à¥à¤¦à¥€ à¤–à¤¼à¤¬à¤°,à¤¨à¤°à¥‡à¤¨à¥à¤¦à¥à¤° à¤®à¥‹à¤¦à¥€,SP,BJP,Congress,Dinesh Sharma,Keshaw Prasad Maurya"
"Tiger Zinda Hai Trailer,Tiger Zinda Hai Official Trailer,Tiger Zinda Hai Teaser,Tiger Trailer,Trailer of Tiger Zinda Hai,Bollywood Trailer,Trailer 2017,Latest Movie Trailer,tona totka,tone,lal kitaab,pandit ji talk,chamatkari samsya,chamatkari upay,à¤˜à¤° à¤®à¥‡à¤‚ à¤šà¥à¤ªà¤šà¤¾à¤ª à¤¯à¤¹à¤¾à¤ à¤°à¤– à¤¦à¥‡ à¤à¤• à¤²à¥Œà¤‚à¤—,à¤‡à¤¤à¤¨à¤¾ à¤¬à¤°à¤¸à¥‡à¤—à¤¾ à¤ªà¥ˆà¤¸à¤¾ à¤•à¤¿ à¤†à¤ª à¤¸à¤‚à¤­à¤¾à¤² à¤¨à¤¹à¥€à¤‚ à¤ªà¤¾à¤“à¤—à¥‡,ayurvedic,ayurevda,home treatment,home remedies,gharelu nuskhe,4 rashiya,16 novmbar,8 à¤°à¤¾à¤¶à¤¿à¤¯à¥‹à¤‚ à¤•à¥€ à¤²à¤—à¥‡à¤‚à¤—à¥€ à¤²à¥‰à¤Ÿà¤°à¥€"
"how to grow hair fast,how to grow hair faster,how to grow long hair,how to grow long hair fast,how to grow long hair naturally,hair growth tips,hair grow remedies,hair growth remedies,hair growth remedies in hindi,homemade solution for hair,balo ko lamba karne ka tarika,balo ko lamba karne ka upay,balo ko lamba karne ka tarika hindi me,balo ko lamba ghana kaise kare,balo ko lamba ghana karne ka tarika,balo ko kala lamba ghana karne ke upay"
"5-Minute Crafts,DIY,Do it yourself,crafts,trucos,trucos de belliza,proyectos faciles,useful things,lifehacks,tricks,tips,DIY projects,DIY activities,Handcraft,Tutorial,easy life hacks,simple life hacks,soap,clean,clean hands,beauty hacks,hair,sugar,sugaring,sugaring at home,diy sugaring paste,flowers,fresh flowers,you do wrong,you do right,band aid,tie laces,sneakers,cleaning hacks,save time,fast,faster"
"divya priyank,divya priyank break up,divya announces official break up with priyank,divya breaks up with priyank,divya agarwal priyank sharma break up,divya priyank splitsvilla,priyank bigg boss fights,priyank bigg boss 11,divya priyank interview,divya priyank rapid fire,divya breaks down splitsvilla,bigg boss 11 full episodes,splitsvilla 10 full episode,divya priyank love story,bigg boss 11 controversies"
"Adda 247,bankersadda,bankers adda,ssc adda,sscadda,ibps,bank po,SSC,SSC CGL,adda247,adda,banking,po,government exam,bank exam,banking classes,competitive exam,sbi po,rrb,lic,railways,upsc,self preparation,imprtant topic,english classes,grammar claasses,anchal sharma,ibps clerk pre,sentence improvement,english grammar"
"etv shows,eenadu television,padutha theeyaga,super2,dhee Jodi,jabardasth,extra jabardsth,etv20,etv comedy show,extra jabardasth,naga babu,roja,anchor anasuya,rashmi,dhanraj,chandra,venu,chanti,dhana dhan dhanraj,comedy short films,chamak chandra,chalaki chanti,raghava,rocket raghava,roller raghu,venu wonders,comedy skits in telugu,telugu comedy tracks,kiraak rp"
[none]
"The Late Show,Stephen Colbert,Colbert,Late Show,celebrities,late night,talk show,skits,bit,monologue,The Late Late Show,Late Late Show,letterman,david letterman,comedian,impressions,CBS,joke,jokes,funny,funny video,funny videos,humor,celebrity,celeb,hollywood,famous,James Corden,Corden,Comedy"
"kuladheivam,kuladheivam 14.11.2017.,kuladheivam episode 772â€ suntv kuladheivam 14/11/2017.,kuladeivam sun tv serial,kuladheivam new serial,kuladheivam new sun tv serial,kuladheivam nadhaswaram replacement,nadhaswaram,thiru tv,kulatheivam 14.11.2017.,kuladheivam 14-11-17.,kulatheivam episode 772â€ SUN TV SERIAL,kuladheivam today,kulatheivam today,kuladheivam yesterday,kulatheivam yesterday,kulatheivam serial 14.11.2017,thirupictures,thirumurugan,thirutv"
"Tn Politics Updates,Tamil Nadu News,Tamil Nadu Politics,Tamil Nadu Updates,Latest TN politics,Latest Tamil News Tamil News Polimer News Polimer TV"
"my tv,14 nov 2017,nominations,shilpa shinde,Vikas Gupta,Bigg Boss 11,Hina Khan,Shilpa Shinde,Hiten Tejwani,Puneesh Sharma,Bandgi Kalra,Akash Dadlani,Bigg Boss,Arshi Khan,bigg boss 11 full episode,salman khan,full episode,bigg boss fight,vikas gupta,bigg boss 11 today episode,bookmytv,bigg boss latest episode,bigg boss nominations episode,vikas and shilpa nominations,bigg boss 14 nov,Massive fight between Akash and Hiten,akash and hiten fight"
"Tiger Zinda Hai Trailer,Tiger Zinda Hai Official Trailer,Tiger Zinda Hai Teaser,Tiger Trailer,Trailer of Tiger Zinda Hai,Bollywood Trailer,Trailer 2017,Latest Movie Trailer,tona totka,tone,lal kitaab,pandit ji talk,chamatkari samsya,chamatkari upay,à¤˜à¤° à¤®à¥‡à¤‚ à¤šà¥à¤ªà¤šà¤¾à¤ª à¤¯à¤¹à¤¾à¤ à¤°à¤– à¤¦à¥‡ à¤à¤• à¤²à¥Œà¤‚à¤—,à¤‡à¤¤à¤¨à¤¾ à¤¬à¤°à¤¸à¥‡à¤—à¤¾ à¤ªà¥ˆà¤¸à¤¾ à¤•à¤¿ à¤†à¤ª à¤¸à¤‚à¤­à¤¾à¤² à¤¨à¤¹à¥€à¤‚ à¤ªà¤¾à¤“à¤—à¥‡,ayurvedic,ayurevda,home treatment,home remedies,gharelu nuskhe,4 rashiya,16 novmbar,8 à¤°à¤¾à¤¶à¤¿à¤¯à¥‹à¤‚ à¤•à¥€ à¤²à¤—à¥‡à¤‚à¤—à¥€ à¤²à¥‰à¤Ÿà¤°à¥€"
"Politics,Modi,Philippines,Indian Community,Manila,BJP"
